timestamp,user_id,stock_id,price,volume,is_anomaly,anomaly_type
2026-01-01 01:00:00,USER_051,STOCK_08,241.2030202176623,2073.3965059927746,1,contextual
2026-01-01 01:21:00,USER_029,STOCK_07,316.3171301248026,2504.908544671317,1,contextual
2026-01-01 09:39:00,USER_077,STOCK_06,151.99302730175282,1748.2621729419004,0,none
2026-01-01 10:13:00,USER_053,STOCK_08,139.50959467440452,2244.687280613959,0,none
2026-01-01 10:16:00,USER_036,STOCK_03,170.9910543063867,1732.382394219716,0,none
2026-01-01 10:54:00,USER_071,STOCK_03,154.2639325647538,1624.0153341305904,0,none
2026-01-01 11:36:00,USER_064,STOCK_07,170.4514086401928,3219.8762031696365,0,none
2026-01-01 11:38:00,USER_086,STOCK_09,130.36982697904097,2231.0517371316355,0,none
2026-01-01 12:02:00,USER_059,STOCK_10,158.87638856292457,2387.3170267146684,0,none
2026-01-01 12:37:00,USER_034,STOCK_06,177.84930600128658,1874.9767427005236,0,none
2026-01-01 12:57:00,USER_054,STOCK_08,157.88904284756595,1789.5077595898686,0,none
2026-01-01 13:20:00,USER_095,STOCK_06,169.0627326782649,2143.562082600912,0,none
2026-01-01 13:33:00,USER_046,STOCK_04,136.97163992771104,1758.0570829728392,0,none
2026-01-01 13:41:00,USER_093,STOCK_03,129.91718466495865,1616.1012174479358,0,none
2026-01-01 14:47:00,USER_096,STOCK_09,138.46457338863334,2377.695612912878,0,none
2026-01-01 15:03:00,USER_050,STOCK_08,159.11775544163214,3082.501172450542,0,none
2026-01-01 15:11:00,USER_042,STOCK_03,130.20743726859325,2470.385593994108,0,none
2026-01-01 15:19:00,USER_007,STOCK_06,185.95373053699046,2320.4214306335048,0,none
2026-01-01 15:49:00,USER_012,STOCK_07,128.75212943706242,2214.153548603824,0,none
2026-01-01 16:10:00,USER_006,STOCK_04,164.23229756177778,1437.6789540810655,0,none
2026-01-01 16:40:00,USER_078,STOCK_05,146.18635198473308,2108.7164365898616,0,none
2026-01-01 16:46:00,USER_054,STOCK_01,120.42176862451743,2091.6799598895777,0,none
2026-01-01 16:51:00,USER_051,STOCK_10,129.25507691347087,1904.830660958196,0,none
2026-01-01 17:24:00,USER_024,STOCK_05,167.40135461377508,2247.840943986302,0,none
2026-01-01 17:24:00,USER_006,STOCK_06,138.95553911438057,2316.4659088777553,0,none
2026-01-01 18:00:00,USER_019,STOCK_10,121.63268534133937,1119.5955940096121,0,none
2026-01-01 18:07:00,USER_074,STOCK_02,131.2912259591081,2542.991058087516,0,none
2026-01-01 18:10:00,USER_004,STOCK_02,140.73164614375077,1767.1351232148716,0,none
2026-01-01 18:17:00,USER_085,STOCK_07,131.88535398274763,1673.11683067559,0,none
2026-01-01 18:20:00,USER_078,STOCK_03,191.23007153272795,2604.1831152965715,0,none
2026-01-01 19:31:00,USER_059,STOCK_02,153.73533528954155,1622.3085338233386,0,none
2026-01-01 19:35:00,USER_038,STOCK_04,145.02617747632905,2803.672788009996,0,none
2026-01-01 19:48:00,USER_085,STOCK_06,171.71791131663156,2237.3491164399766,0,none
2026-01-01 19:57:00,USER_037,STOCK_08,146.54107880153154,2855.8542400711717,0,none
2026-01-01 20:21:00,USER_080,STOCK_02,125.99407185888447,1832.7493820795257,0,none
2026-01-01 20:23:00,USER_056,STOCK_06,142.72775575572288,1971.5271881394663,0,none
2026-01-01 21:23:00,USER_082,STOCK_07,137.12963539239715,2463.9200640406184,0,none
2026-01-01 21:25:00,USER_041,STOCK_08,151.6456797855085,2532.7401875326755,0,none
2026-01-01 21:27:00,USER_026,STOCK_01,159.81949903276504,2367.438893024909,0,none
2026-01-01 21:32:00,USER_001,STOCK_06,157.14030971930094,1653.545202369673,0,none
2026-01-01 21:51:00,USER_052,STOCK_01,107.5629020198281,1696.089006452784,0,none
2026-01-01 21:52:00,USER_005,STOCK_03,126.41920417680396,2593.839694230782,0,none
2026-01-01 21:54:00,USER_083,STOCK_10,158.73119608315335,2451.9674205430974,0,none
2026-01-01 22:00:00,USER_085,STOCK_04,120.42956019265145,1640.0778958026458,0,none
2026-01-01 22:32:00,USER_031,STOCK_07,176.03482578797596,2780.7555983634265,0,none
2026-01-01 22:47:00,USER_007,STOCK_05,161.5926634642715,2162.8981582910833,0,none
2026-01-01 23:05:00,USER_087,STOCK_02,161.94800139699717,2350.5863711554493,0,none
2026-01-01 23:11:00,USER_075,STOCK_08,135.39266736565727,2108.2292947909873,0,none
2026-01-01 23:13:00,USER_034,STOCK_07,136.98714861756346,1756.437308117652,0,none
2026-01-01 23:18:00,USER_084,STOCK_09,122.44661264085818,1531.0874800424385,0,none
2026-01-01 23:19:00,USER_038,STOCK_07,159.69465634588948,1576.8216725045631,0,none
2026-01-01 23:20:00,USER_053,STOCK_06,289.2580055952254,2264.8463771783654,1,contextual
2026-01-01 23:31:00,USER_033,STOCK_08,145.38130939582643,2348.103182406709,0,none
2026-01-01 23:43:00,USER_045,STOCK_04,160.01834375248762,1511.2223776007245,0,none
2026-01-01 23:50:00,USER_013,STOCK_07,156.38349020838362,2670.2252230115723,0,none
2026-01-02 00:50:00,USER_046,STOCK_09,138.85016429984333,1315.098510210461,0,none
2026-01-02 01:01:00,USER_066,STOCK_02,192.8788817865065,2316.9595111590056,0,none
2026-01-02 01:19:00,USER_031,STOCK_10,131.61151531532394,2774.96720250877,0,none
2026-01-02 01:47:00,USER_022,STOCK_05,118.86741652952193,2303.00497567282,0,none
2026-01-02 01:52:00,USER_076,STOCK_09,143.56729897565234,3038.3739917804205,0,none
2026-01-02 01:56:00,USER_079,STOCK_02,143.14624811839303,1814.2795670021042,0,none
2026-01-02 02:03:00,USER_052,STOCK_06,141.06970095865958,2428.199397161736,0,none
2026-01-02 02:06:00,USER_062,STOCK_07,125.48468673995318,1267.8125598950899,0,none
2026-01-02 02:08:00,USER_072,STOCK_10,137.4656555082007,2431.1967361913794,0,none
2026-01-02 02:21:00,USER_071,STOCK_09,140.5232130585817,1992.7738645608604,0,none
2026-01-02 02:39:00,USER_015,STOCK_08,159.19944285878233,1661.142315123947,0,none
2026-01-02 02:59:00,USER_044,STOCK_01,126.17393005594703,2328.276804316915,0,none
2026-01-02 03:02:00,USER_054,STOCK_07,147.7534390061834,1889.5152002333884,0,none
2026-01-02 03:27:00,USER_040,STOCK_07,130.03229121623417,2150.895949909733,0,none
2026-01-02 03:29:00,USER_043,STOCK_02,128.15374470654842,1841.7957751525992,0,none
2026-01-02 03:49:00,USER_012,STOCK_02,169.9253363889428,1753.1217084193438,0,none
2026-01-02 04:17:00,USER_032,STOCK_06,182.64822607863272,1284.9293110196836,0,none
2026-01-02 04:19:00,USER_065,STOCK_06,140.24787551855013,1783.7209060901896,0,none
2026-01-02 04:53:00,USER_091,STOCK_01,169.26752258488642,2206.390463468249,0,none
2026-01-02 05:10:00,USER_051,STOCK_01,152.0840220790375,1968.703436050239,0,none
2026-01-02 05:34:00,USER_050,STOCK_09,166.81240053009105,2273.3667841006895,0,none
2026-01-02 05:34:00,USER_011,STOCK_06,171.5736166686259,1980.7457652496464,0,none
2026-01-02 05:40:00,USER_057,STOCK_06,163.63782979252622,2923.3536628680167,0,none
2026-01-02 05:45:00,USER_040,STOCK_08,148.2343590329749,3289.854668827159,0,none
2026-01-02 05:55:00,USER_061,STOCK_05,181.01000985628153,1500.8229796306046,0,none
2026-01-02 06:02:00,USER_089,STOCK_03,149.58196812071705,2058.663691654391,0,none
2026-01-02 06:15:00,USER_076,STOCK_04,100.56710999745421,1601.5523722647617,0,none
2026-01-02 06:21:00,USER_066,STOCK_02,152.50449005295815,1785.2972294373735,0,none
2026-01-02 06:45:00,USER_041,STOCK_10,116.1408637160923,1950.830186602625,0,none
2026-01-02 06:49:00,USER_073,STOCK_02,133.80792960156708,2212.030522232045,0,none
2026-01-02 07:00:00,USER_011,STOCK_08,134.33493415327527,1838.9692418971622,0,none
2026-01-02 07:03:00,USER_056,STOCK_10,145.81953485427948,1574.73977289535,0,none
2026-01-02 07:08:00,USER_003,STOCK_05,136.61854522680167,2519.952343698038,0,none
2026-01-02 07:21:00,USER_042,STOCK_05,126.0823387592963,2222.3013341100705,0,none
2026-01-02 07:24:00,USER_088,STOCK_09,125.40900811095166,2248.349611618261,0,none
2026-01-02 07:45:00,USER_075,STOCK_03,152.67081809564564,1923.7650818097281,0,none
2026-01-02 08:24:00,USER_098,STOCK_03,126.59773947881281,1099.0097812099903,0,none
2026-01-02 08:25:00,USER_083,STOCK_07,168.52355095063282,2954.708320235065,0,none
2026-01-02 08:41:00,USER_007,STOCK_03,145.11686729418702,2482.0435841441786,0,none
2026-01-02 09:14:00,USER_076,STOCK_07,140.61051228130097,2271.2800217929826,0,none
2026-01-02 09:28:00,USER_088,STOCK_06,142.55586447857894,2544.374309852093,0,none
2026-01-02 09:33:00,USER_056,STOCK_02,152.1075101229192,1332.9872525408978,0,none
2026-01-02 10:06:00,USER_038,STOCK_06,152.65939348293753,1649.9395925304134,0,none
2026-01-02 10:09:00,USER_051,STOCK_01,163.00402355917322,1950.4120681103086,0,none
2026-01-02 10:19:00,USER_066,STOCK_08,163.9390880902147,1833.0902551219951,0,none
2026-01-02 10:24:00,USER_061,STOCK_06,170.58311274651288,2236.2987412065213,0,none
2026-01-02 10:26:00,USER_030,STOCK_10,123.03629155788573,2371.6320470113574,0,none
2026-01-02 10:33:00,USER_096,STOCK_09,182.6686306460219,1426.827303490656,0,none
2026-01-02 10:57:00,USER_056,STOCK_02,118.86836202680499,1785.9424195170436,0,none
2026-01-02 11:01:00,USER_083,STOCK_07,149.87858176920213,2419.245387225821,0,none
2026-01-02 11:48:00,USER_ROGUE,STOCK_TARGET,150.0,1000.0,1,collective
2026-01-02 11:48:05,USER_ROGUE,STOCK_TARGET,150.5,1000.0,1,collective
2026-01-02 11:48:10,USER_ROGUE,STOCK_TARGET,151.0,1000.0,1,collective
2026-01-02 11:48:15,USER_ROGUE,STOCK_TARGET,151.5,1000.0,1,collective
2026-01-02 11:48:20,USER_ROGUE,STOCK_TARGET,152.0,1000.0,1,collective
2026-01-02 11:48:25,USER_ROGUE,STOCK_TARGET,152.5,1000.0,1,collective
2026-01-02 11:48:30,USER_ROGUE,STOCK_TARGET,153.0,1000.0,1,collective
2026-01-02 11:48:35,USER_ROGUE,STOCK_TARGET,153.5,1000.0,1,collective
2026-01-02 11:48:40,USER_ROGUE,STOCK_TARGET,154.0,1000.0,1,collective
2026-01-02 11:48:45,USER_ROGUE,STOCK_TARGET,154.5,1000.0,1,collective
2026-01-02 11:54:00,USER_046,STOCK_06,137.96586775541206,2926.139092254469,0,none
2026-01-02 12:02:00,USER_031,STOCK_09,136.4721539588146,2900.470216455408,0,none
2026-01-02 12:43:00,USER_068,STOCK_08,123.11098977931445,1540.674026757901,0,none
2026-01-02 12:57:00,USER_088,STOCK_03,146.7973440886672,2335.670038225233,0,none
2026-01-02 13:03:00,USER_077,STOCK_01,171.12113618132105,2111.61945706458,0,none
2026-01-02 13:19:00,USER_090,STOCK_05,161.5414425436108,1898.4773069785037,0,none
2026-01-02 13:24:00,USER_012,STOCK_07,137.9872262016239,1854.1531251033616,0,none
2026-01-02 13:30:00,USER_002,STOCK_10,144.8081729727279,1248.428523440947,0,none
2026-01-02 14:19:00,USER_056,STOCK_06,155.79549713792827,3037.7003993227195,0,none
2026-01-02 14:43:00,USER_ROGUE,STOCK_TARGET,150.0,1000.0,1,collective
2026-01-02 14:43:05,USER_ROGUE,STOCK_TARGET,150.5,1000.0,1,collective
2026-01-02 14:43:10,USER_ROGUE,STOCK_TARGET,151.0,1000.0,1,collective
2026-01-02 14:43:15,USER_ROGUE,STOCK_TARGET,151.5,1000.0,1,collective
2026-01-02 14:43:20,USER_ROGUE,STOCK_TARGET,152.0,1000.0,1,collective
2026-01-02 14:43:25,USER_ROGUE,STOCK_TARGET,152.5,1000.0,1,collective
2026-01-02 14:43:30,USER_ROGUE,STOCK_TARGET,153.0,1000.0,1,collective
2026-01-02 14:43:35,USER_ROGUE,STOCK_TARGET,153.5,1000.0,1,collective
2026-01-02 14:43:40,USER_ROGUE,STOCK_TARGET,154.0,1000.0,1,collective
2026-01-02 14:43:45,USER_ROGUE,STOCK_TARGET,154.5,1000.0,1,collective
2026-01-02 14:48:00,USER_043,STOCK_05,145.77739522344612,1506.4102364244081,0,none
2026-01-02 15:01:00,USER_075,STOCK_01,170.1258561842888,1711.5540652384257,0,none
2026-01-02 15:05:00,USER_087,STOCK_04,145.1752788428734,2176.0276982571486,0,none
2026-01-02 15:06:00,USER_077,STOCK_07,149.61967584194622,1498.7353176810957,0,none
2026-01-02 15:57:00,USER_038,STOCK_07,111.62457569401917,1986.7430622753916,0,none
2026-01-02 16:28:00,USER_004,STOCK_03,151.76813772583694,2738.765040527631,0,none
2026-01-02 16:39:00,USER_009,STOCK_07,186.9791218989069,2563.2825147738786,0,none
2026-01-02 16:50:00,USER_070,STOCK_04,168.480540384138,1907.5489317785054,0,none
2026-01-02 16:52:00,USER_098,STOCK_05,191.76749409561455,1930.2051859224132,0,none
2026-01-02 17:01:00,USER_014,STOCK_09,152.27034690502495,2331.0653372605234,0,none
2026-01-02 17:04:00,USER_050,STOCK_10,160.38693028482345,2766.369456501289,0,none
2026-01-02 17:09:00,USER_099,STOCK_07,1315.0718697762038,19583.244619464353,1,point
2026-01-02 17:14:00,USER_088,STOCK_04,144.82407874665796,2799.3235852523585,0,none
2026-01-02 17:34:00,USER_083,STOCK_03,148.5113314179991,2310.336048775339,0,none
2026-01-02 17:50:00,USER_072,STOCK_07,138.52675986239527,1726.570529379804,0,none
2026-01-02 17:53:00,USER_023,STOCK_09,202.8868669403407,1248.5148358024235,0,none
2026-01-02 17:56:00,USER_017,STOCK_02,182.30751378938885,1838.83976539433,0,none
2026-01-02 18:32:00,USER_032,STOCK_04,187.31549022289514,2236.9164604558937,0,none
2026-01-02 18:39:00,USER_004,STOCK_10,137.46065884424465,2906.2242789984643,0,none
2026-01-02 18:51:00,USER_059,STOCK_02,145.05645234958806,1659.0078760011006,0,none
2026-01-02 18:57:00,USER_035,STOCK_08,141.05356208682497,2640.5081808675563,0,none
2026-01-02 18:59:00,USER_018,STOCK_02,174.42067391050705,2291.048851734308,0,none
2026-01-02 19:35:00,USER_049,STOCK_02,154.17727190009512,1020.1649380601123,0,none
2026-01-02 19:43:00,USER_041,STOCK_02,145.47042216196945,2183.682753408089,0,none
2026-01-02 19:57:00,USER_036,STOCK_10,163.04645756826838,1211.8039215078752,0,none
2026-01-02 19:58:00,USER_009,STOCK_04,138.96283708215105,3279.099642834126,0,none
2026-01-02 20:06:00,USER_095,STOCK_07,149.51290815478035,3071.135179305932,0,none
2026-01-02 20:42:00,USER_077,STOCK_02,134.28021078984102,1334.3835232211109,0,none
2026-01-02 20:56:00,USER_079,STOCK_02,137.95575879276439,2234.387128037512,0,none
2026-01-02 20:59:00,USER_070,STOCK_05,176.34788131268652,2098.7998023461996,0,none
2026-01-02 21:12:00,USER_098,STOCK_06,152.26540821075528,1280.8610108413168,0,none
2026-01-02 21:14:00,USER_086,STOCK_05,119.61260068091974,1757.8829635668744,0,none
2026-01-02 21:17:00,USER_077,STOCK_07,177.80415098034626,2278.905153175931,0,none
2026-01-02 21:31:00,USER_066,STOCK_07,147.85395711991544,2223.858462905139,0,none
2026-01-02 21:48:00,USER_084,STOCK_06,140.69379086439892,1947.0258228479322,0,none
2026-01-02 21:54:00,USER_060,STOCK_09,144.61186331110883,2358.7711278979814,0,none
2026-01-02 21:55:00,USER_006,STOCK_06,129.10381611957934,1016.8217053119992,0,none
2026-01-02 22:04:00,USER_034,STOCK_06,1199.4282017719895,28075.66137276891,1,point
2026-01-02 22:32:00,USER_050,STOCK_08,149.19684098711312,1284.6124489409758,0,none
2026-01-02 22:33:00,USER_060,STOCK_03,122.02864852361718,2281.4846183452855,0,none
2026-01-02 22:59:00,USER_014,STOCK_10,121.87365072656333,1958.4472136856525,0,none
2026-01-02 23:17:00,USER_033,STOCK_01,158.738763394927,2595.323137393171,0,none
2026-01-02 23:40:00,USER_006,STOCK_01,153.9304233940294,2354.5018787942563,0,none
2026-01-02 23:45:00,USER_065,STOCK_05,146.1018343929464,2566.885048433532,0,none
2026-01-02 23:47:00,USER_080,STOCK_09,297.0272972384121,2269.455021842329,1,contextual
2026-01-02 23:53:00,USER_062,STOCK_06,175.31415681729402,1566.9125758927496,0,none
2026-01-03 00:14:00,USER_095,STOCK_01,162.7746044405837,1428.4975436347581,0,none
2026-01-03 00:30:00,USER_034,STOCK_03,145.60656224324975,2178.5562857558734,0,none
2026-01-03 00:59:00,USER_050,STOCK_04,148.59668577082707,1169.5195332420044,0,none
2026-01-03 01:15:00,USER_032,STOCK_09,137.74422619031228,1806.1492200320079,0,none
2026-01-03 01:44:00,USER_056,STOCK_02,138.4697919854656,704.4788539275451,0,none
2026-01-03 01:47:00,USER_084,STOCK_01,191.21495849763974,2877.6704212216023,0,none
2026-01-03 02:14:00,USER_039,STOCK_07,157.02896415083165,2535.075119158214,0,none
2026-01-03 02:25:00,USER_022,STOCK_06,141.27228218946863,1945.1950980370846,0,none
2026-01-03 02:41:00,USER_030,STOCK_07,189.2945026583278,2017.6317759858644,0,none
2026-01-03 02:43:00,USER_057,STOCK_02,146.29424682244584,1935.089650133287,0,none
2026-01-03 02:55:00,USER_020,STOCK_10,150.27858583825892,1987.9374564449984,0,none
2026-01-03 03:06:00,USER_031,STOCK_03,134.73481686914965,1097.5589496677405,0,none
2026-01-03 03:10:00,USER_088,STOCK_08,151.5364378212051,1358.5038879057151,0,none
2026-01-03 03:14:00,USER_081,STOCK_03,142.15783693735685,1268.2425259339407,0,none
2026-01-03 03:19:00,USER_059,STOCK_10,143.83931431628517,2389.8302661346697,0,none
2026-01-03 03:37:00,USER_021,STOCK_03,150.20705239686762,1344.0818838249202,0,none
2026-01-03 03:46:00,USER_025,STOCK_05,163.72520380749026,1193.642064405174,0,none
2026-01-03 03:48:00,USER_010,STOCK_05,146.50080486609184,1622.1274202535776,0,none
2026-01-03 03:56:00,USER_035,STOCK_05,181.72033632290703,1381.0922505865756,0,none
2026-01-03 04:23:00,USER_031,STOCK_03,168.71356786294922,2635.7775474970795,0,none
2026-01-03 04:29:00,USER_097,STOCK_10,173.78940977849282,1386.1960924315038,0,none
2026-01-03 04:41:00,USER_059,STOCK_01,151.20460419882053,3231.621056242643,0,none
2026-01-03 04:56:00,USER_078,STOCK_10,296.95200033772807,1394.4919001187718,1,contextual
2026-01-03 04:57:00,USER_096,STOCK_08,108.65115799920247,1955.4399802436058,0,none
2026-01-03 05:37:00,USER_095,STOCK_08,166.2572423767792,2314.8144209618063,0,none
2026-01-03 05:52:00,USER_051,STOCK_10,152.52759159092824,2969.4644995291424,0,none
2026-01-03 06:07:00,USER_060,STOCK_07,127.87330051987944,1401.8966879596646,0,none
2026-01-03 06:27:00,USER_021,STOCK_06,118.74908286226915,1735.4736613268526,0,none
2026-01-03 06:27:00,USER_049,STOCK_01,143.6946151071931,2379.4846102466336,0,none
2026-01-03 06:35:00,USER_034,STOCK_09,155.19765588496847,2390.9114358886554,0,none
2026-01-03 07:55:00,USER_023,STOCK_02,163.1708854534566,3005.1022693831746,0,none
2026-01-03 08:14:00,USER_085,STOCK_10,158.57633000661147,2346.552803631572,0,none
2026-01-03 09:04:00,USER_034,STOCK_01,160.45670976071,1713.1499980307105,0,none
2026-01-03 09:18:00,USER_054,STOCK_03,118.37618595935733,2447.5191570380575,0,none
2026-01-03 09:25:00,USER_079,STOCK_07,149.3354001871108,1895.9415713637302,0,none
2026-01-03 09:28:00,USER_017,STOCK_07,177.68545637021037,2281.95456002618,0,none
2026-01-03 09:31:00,USER_090,STOCK_09,130.70153078839792,2343.0257299992195,0,none
2026-01-03 09:52:00,USER_099,STOCK_08,144.10100643415944,2623.871036336867,0,none
2026-01-03 10:27:00,USER_ROGUE,STOCK_TARGET,150.0,1000.0,1,collective
2026-01-03 10:27:05,USER_ROGUE,STOCK_TARGET,150.5,1000.0,1,collective
2026-01-03 10:27:10,USER_ROGUE,STOCK_TARGET,151.0,1000.0,1,collective
2026-01-03 10:27:15,USER_ROGUE,STOCK_TARGET,151.5,1000.0,1,collective
2026-01-03 10:27:20,USER_ROGUE,STOCK_TARGET,152.0,1000.0,1,collective
2026-01-03 10:27:25,USER_ROGUE,STOCK_TARGET,152.5,1000.0,1,collective
2026-01-03 10:27:30,USER_ROGUE,STOCK_TARGET,153.0,1000.0,1,collective
2026-01-03 10:27:35,USER_ROGUE,STOCK_TARGET,153.5,1000.0,1,collective
2026-01-03 10:27:40,USER_ROGUE,STOCK_TARGET,154.0,1000.0,1,collective
2026-01-03 10:27:45,USER_ROGUE,STOCK_TARGET,154.5,1000.0,1,collective
2026-01-03 10:29:00,USER_039,STOCK_01,146.8398420284202,1786.55946502629,0,none
2026-01-03 11:02:00,USER_019,STOCK_10,154.02198093429934,2525.327198003806,0,none
2026-01-03 11:36:00,USER_036,STOCK_08,151.16417436892,1428.5148510846884,0,none
2026-01-03 11:42:00,USER_097,STOCK_09,149.4695748150188,1559.0626743861412,0,none
2026-01-03 12:22:00,USER_096,STOCK_05,182.2444125651085,2448.419657932766,0,none
2026-01-03 13:20:00,USER_098,STOCK_03,191.2504983848629,1466.2335428728636,0,none
2026-01-03 13:24:00,USER_033,STOCK_01,147.82479703086284,2200.8558610494706,0,none
2026-01-03 13:29:00,USER_013,STOCK_02,162.51334695530014,1571.4212217918587,0,none
2026-01-03 13:35:00,USER_003,STOCK_08,139.28073109771904,2404.0288991405723,0,none
2026-01-03 13:40:00,USER_011,STOCK_04,159.57959651492783,2166.8310526434743,0,none
2026-01-03 13:48:00,USER_028,STOCK_08,187.6404899295007,2672.7100230774886,0,none
2026-01-03 13:49:00,USER_025,STOCK_09,153.46361851702363,2192.658689864418,0,none
2026-01-03 13:55:00,USER_029,STOCK_03,136.63819092713902,2496.0211747682615,0,none
2026-01-03 14:00:00,USER_091,STOCK_02,147.6870343522352,1849.4481522053557,0,none
2026-01-03 14:35:00,USER_092,STOCK_07,181.02303951045047,2057.8373171464295,0,none
2026-01-03 15:47:00,USER_092,STOCK_09,129.74337759331152,2157.123666297637,0,none
2026-01-03 15:51:00,USER_078,STOCK_09,158.07460180673218,1987.902196804542,0,none
2026-01-03 15:56:00,USER_003,STOCK_10,136.74752482108306,2285.2993342965797,0,none
2026-01-03 16:19:00,USER_017,STOCK_09,138.82156305456823,2188.60593753226,0,none
2026-01-03 16:40:00,USER_069,STOCK_05,137.7646181818943,1981.481601475794,0,none
2026-01-03 16:42:00,USER_074,STOCK_09,160.925684960074,2003.211134905469,0,none
2026-01-03 17:05:00,USER_088,STOCK_05,146.96429809928833,2294.1586032422883,0,none
2026-01-03 17:19:00,USER_039,STOCK_04,169.63530973983188,1837.5843082456888,0,none
2026-01-03 17:32:00,USER_009,STOCK_09,177.98710873172004,2462.3168414563843,0,none
2026-01-03 18:04:00,USER_076,STOCK_04,151.19260739840348,1676.531611147213,0,none
2026-01-03 18:07:00,USER_072,STOCK_06,169.0061518394715,2855.3066862909627,0,none
2026-01-03 19:06:00,USER_073,STOCK_06,97.6050979182051,2410.9512521876118,0,none
2026-01-03 19:20:00,USER_070,STOCK_04,160.43883131233795,2148.492336616593,0,none
2026-01-03 19:33:00,USER_084,STOCK_08,151.74094136476342,1850.4963247670662,0,none
2026-01-03 19:52:00,USER_052,STOCK_01,169.08003526986406,2325.6956256528993,0,none
2026-01-03 19:59:00,USER_044,STOCK_08,155.34784628143805,2160.8489030980068,0,none
2026-01-03 20:05:00,USER_079,STOCK_05,180.26899486484263,2315.4058422773887,0,none
2026-01-03 20:14:00,USER_075,STOCK_06,173.74772103129501,3294.781821009307,0,none
2026-01-03 20:14:00,USER_049,STOCK_07,156.05270930478068,1622.8620749903212,0,none
2026-01-03 20:17:00,USER_098,STOCK_06,126.98012845155395,2187.849009172836,0,none
2026-01-03 20:23:00,USER_020,STOCK_09,137.88768920526272,2913.004856773468,0,none
2026-01-03 20:56:00,USER_008,STOCK_10,140.56136268421133,2544.475298483683,0,none
2026-01-03 21:12:00,USER_030,STOCK_09,154.83924543132068,1043.359877671101,0,none
2026-01-03 21:20:00,USER_018,STOCK_08,127.88590663028128,1892.5394848556323,0,none
2026-01-03 21:56:00,USER_083,STOCK_02,156.85450692755407,2228.376609576892,0,none
2026-01-03 22:00:00,USER_043,STOCK_03,154.47828268129322,2682.070214986922,0,none
2026-01-03 22:07:00,USER_058,STOCK_06,139.07511103495034,2195.9020027012734,0,none
2026-01-03 22:14:00,USER_026,STOCK_08,169.502394668355,1926.4713092489308,0,none
2026-01-03 22:22:00,USER_004,STOCK_04,158.2586290855125,1718.1377235980126,0,none
2026-01-03 22:27:00,USER_018,STOCK_02,145.3169325055333,1882.9315215254096,0,none
2026-01-03 22:43:00,USER_016,STOCK_04,140.67926996263515,1202.6484663666024,0,none
2026-01-03 22:51:00,USER_015,STOCK_08,135.45725648350262,1876.2406822242476,0,none
2026-01-03 23:07:00,USER_082,STOCK_04,143.81581845900274,1623.9217972047084,0,none
2026-01-03 23:07:00,USER_100,STOCK_09,135.74308434645673,2053.2151138459485,0,none
2026-01-03 23:37:00,USER_096,STOCK_02,137.25225745386965,2594.508265553776,0,none
2026-01-03 23:52:00,USER_088,STOCK_06,322.1096622111307,2501.766448946012,1,contextual
2026-01-04 00:00:00,USER_009,STOCK_01,166.4412031998898,2948.396491326974,0,none
2026-01-04 00:02:00,USER_005,STOCK_06,157.2279121101683,2769.0182832329847,0,none
2026-01-04 00:27:00,USER_016,STOCK_04,152.18789589209786,2362.883311949346,0,none
2026-01-04 00:54:00,USER_069,STOCK_01,155.34253302022967,2254.362511614967,0,none
2026-01-04 01:23:00,USER_069,STOCK_04,125.80610514317785,2299.964364998102,0,none
2026-01-04 01:26:00,USER_094,STOCK_10,161.87113444561723,529.8056826678599,0,none
2026-01-04 01:52:00,USER_050,STOCK_02,152.39160736828308,1513.4655295592222,0,none
2026-01-04 02:01:00,USER_014,STOCK_03,121.94789456400613,2874.7883715934695,0,none
2026-01-04 02:08:00,USER_021,STOCK_03,133.63558633533054,3046.19363784273,0,none
2026-01-04 02:11:00,USER_039,STOCK_03,172.48225439972026,2473.763231061429,0,none
2026-01-04 02:16:00,USER_049,STOCK_10,177.64317982075053,2324.3549437948213,0,none
2026-01-04 02:23:00,USER_039,STOCK_02,164.84190744018613,2149.646290203246,0,none
2026-01-04 02:40:00,USER_034,STOCK_07,192.44312394025266,2516.2326302755737,0,none
2026-01-04 03:13:00,USER_027,STOCK_02,107.28651572042608,3568.874266829997,0,none
2026-01-04 03:20:00,USER_094,STOCK_02,160.76592158099265,2536.253668654901,0,none
2026-01-04 03:33:00,USER_092,STOCK_03,123.05747420940607,1514.1929807446743,0,none
2026-01-04 03:42:00,USER_007,STOCK_09,151.64879505869007,1271.2242502675347,0,none
2026-01-04 03:56:00,USER_056,STOCK_10,137.97264712097572,2159.8909670712683,0,none
2026-01-04 04:00:00,USER_017,STOCK_10,138.57642020434406,2286.291390678079,0,none
2026-01-04 04:03:00,USER_059,STOCK_09,166.67844309097808,2229.5900396142183,0,none
2026-01-04 04:19:00,USER_095,STOCK_01,1573.8064291569408,25950.8731204433,1,point
2026-01-04 04:43:00,USER_075,STOCK_10,160.09974557960913,2432.8775970850606,0,none
2026-01-04 04:48:00,USER_036,STOCK_09,95.93535414001525,2338.9376597654536,0,none
2026-01-04 04:50:00,USER_096,STOCK_09,179.55788089483033,1740.8648908631762,0,none
2026-01-04 05:09:00,USER_091,STOCK_08,135.89976288483183,1972.115461171147,0,none
2026-01-04 05:11:00,USER_019,STOCK_02,151.35711021054806,2426.3868375611096,0,none
2026-01-04 05:14:00,USER_001,STOCK_05,169.38914401053472,2213.5971809358425,0,none
2026-01-04 05:17:00,USER_021,STOCK_06,143.30449335786918,1798.1757683790017,0,none
2026-01-04 05:32:00,USER_016,STOCK_08,126.3348297466845,980.3839111199497,0,none
2026-01-04 05:42:00,USER_010,STOCK_08,157.15574720696566,2280.3922631841174,0,none
2026-01-04 05:55:00,USER_026,STOCK_09,159.32859964867052,1982.1792588512583,0,none
2026-01-04 05:56:00,USER_087,STOCK_03,148.09408935226097,2139.5107628851697,0,none
2026-01-04 06:23:00,USER_011,STOCK_08,145.2210390626718,1546.218168979201,0,none
2026-01-04 06:40:00,USER_005,STOCK_04,157.99375903505285,1674.3215531040855,0,none
2026-01-04 06:59:00,USER_001,STOCK_04,162.76102202881515,2250.4222374722285,0,none
2026-01-04 07:23:00,USER_026,STOCK_03,125.1227352921743,1653.5474011020465,0,none
2026-01-04 07:40:00,USER_062,STOCK_05,121.03972199167512,900.5970216899591,0,none
2026-01-04 08:42:00,USER_027,STOCK_06,124.78232091329909,2458.9309735273882,0,none
2026-01-04 09:42:00,USER_069,STOCK_02,186.9327399209533,1464.9576168369238,0,none
2026-01-04 09:45:00,USER_085,STOCK_02,127.78848309068343,2876.1352217118115,0,none
2026-01-04 09:46:00,USER_084,STOCK_04,102.74135128916323,1495.1346476450312,0,none
2026-01-04 09:55:00,USER_017,STOCK_06,144.9486369721368,1376.1084090175752,0,none
2026-01-04 10:21:00,USER_021,STOCK_02,149.7550645430617,1551.3728142570842,0,none
2026-01-04 10:25:00,USER_071,STOCK_03,172.98546652571352,1648.4117874370563,0,none
2026-01-04 10:47:00,USER_042,STOCK_04,156.53854747528325,1890.449735595568,0,none
2026-01-04 11:12:00,USER_082,STOCK_09,166.25051644788397,2678.1200142854113,0,none
2026-01-04 11:28:00,USER_040,STOCK_05,198.91503959233654,2064.6105909876137,0,none
2026-01-04 11:41:00,USER_043,STOCK_06,147.85939280090884,1482.378838790313,0,none
2026-01-04 11:48:00,USER_057,STOCK_07,144.04872993280017,2687.8534066558095,0,none
2026-01-04 11:59:00,USER_058,STOCK_09,160.82925456409575,2379.5775801513237,0,none
2026-01-04 12:00:00,USER_025,STOCK_02,128.19201845114307,2705.466189873135,0,none
2026-01-04 12:06:00,USER_016,STOCK_06,156.17666025197929,2851.107472317619,0,none
2026-01-04 12:24:00,USER_006,STOCK_01,166.46341167923828,2036.658983594202,0,none
2026-01-04 12:26:00,USER_017,STOCK_05,117.69736368188981,2582.3696772285857,0,none
2026-01-04 12:27:00,USER_002,STOCK_10,150.57489645869634,2639.2259313036493,0,none
2026-01-04 12:29:00,USER_057,STOCK_02,130.28547907328914,2252.023257758922,0,none
2026-01-04 12:46:00,USER_025,STOCK_02,114.53935063586238,2630.960750356996,0,none
2026-01-04 13:00:00,USER_093,STOCK_10,181.86373253278794,1744.3921617844073,0,none
2026-01-04 13:27:00,USER_024,STOCK_10,153.91690510195363,1510.813611192484,0,none
2026-01-04 13:28:00,USER_097,STOCK_07,155.40913651559677,1974.8809452754315,0,none
2026-01-04 13:51:00,USER_077,STOCK_05,166.60671633088492,1571.9580870455663,0,none
2026-01-04 13:52:00,USER_080,STOCK_10,142.16483701912355,1538.7949077507487,0,none
2026-01-04 14:46:00,USER_013,STOCK_04,151.1144982457739,2547.0957592354744,0,none
2026-01-04 14:50:00,USER_087,STOCK_10,130.17215301087384,923.3049431981426,0,none
2026-01-04 15:05:00,USER_033,STOCK_10,196.3865907996339,2196.658919697186,0,none
2026-01-04 15:08:00,USER_061,STOCK_08,145.08513871828112,1863.6382151261648,0,none
2026-01-04 15:19:00,USER_021,STOCK_08,141.19911026606033,2065.3702886430456,0,none
2026-01-04 15:23:00,USER_055,STOCK_09,140.29272904341792,2040.9370696931612,0,none
2026-01-04 15:26:00,USER_083,STOCK_01,135.83186466179075,1243.1428036935863,0,none
2026-01-04 15:31:00,USER_069,STOCK_01,156.76967686923382,1852.2992949304853,0,none
2026-01-04 15:37:00,USER_046,STOCK_01,139.42766636500485,2293.182009377547,0,none
2026-01-04 16:02:00,USER_077,STOCK_05,148.56797481171873,1981.3888817450793,0,none
2026-01-04 16:05:00,USER_016,STOCK_10,151.50867277803187,1199.0170940514158,0,none
2026-01-04 16:09:00,USER_057,STOCK_08,149.30023019006077,2885.400317817755,0,none
2026-01-04 16:10:00,USER_091,STOCK_05,164.21919936406982,2222.13165574302,0,none
2026-01-04 16:12:00,USER_085,STOCK_07,137.50362844608642,2013.0455251054168,0,none
2026-01-04 16:18:00,USER_057,STOCK_02,108.36141184232557,2848.228184145019,0,none
2026-01-04 16:32:00,USER_042,STOCK_02,122.20855066472808,1177.300626521554,0,none
2026-01-04 16:33:00,USER_015,STOCK_07,168.36633212004625,1214.7496981884115,0,none
2026-01-04 16:35:00,USER_083,STOCK_05,137.08071641750928,1600.4039966748733,0,none
2026-01-04 16:48:00,USER_006,STOCK_05,152.46409613568972,2275.742688020234,0,none
2026-01-04 17:01:00,USER_005,STOCK_04,145.1934920368373,1812.5895962252011,0,none
2026-01-04 17:02:00,USER_055,STOCK_01,174.00827815888852,1671.5528605143022,0,none
2026-01-04 17:43:00,USER_042,STOCK_02,183.39809008702812,2197.3357649114905,0,none
2026-01-04 17:50:00,USER_029,STOCK_07,167.3921184021132,2677.8189294024755,0,none
2026-01-04 18:23:00,USER_030,STOCK_06,116.15070740570361,2764.7751597303068,0,none
2026-01-04 18:41:00,USER_076,STOCK_07,96.98060383213976,2545.7534259612307,0,none
2026-01-04 18:43:00,USER_059,STOCK_02,152.45340631989592,2812.3392292347803,0,none
2026-01-04 18:58:00,USER_073,STOCK_10,106.9636919734139,1640.4233403787898,0,none
2026-01-04 19:00:00,USER_029,STOCK_05,136.91848633745153,1084.6835515717717,0,none
2026-01-04 19:15:00,USER_085,STOCK_02,153.9811939114694,1699.8915614206026,0,none
2026-01-04 19:21:00,USER_061,STOCK_01,162.6944293712354,2554.8499209781116,0,none
2026-01-04 19:24:00,USER_021,STOCK_03,152.81772493822407,1115.780317218574,0,none
2026-01-04 19:51:00,USER_059,STOCK_01,140.33627075401253,2786.9933816450166,0,none
2026-01-04 19:57:00,USER_075,STOCK_10,170.01164636085957,1664.6898954616777,0,none
2026-01-04 20:28:00,USER_037,STOCK_04,132.03170657303284,2245.9595857532527,0,none
2026-01-04 20:28:00,USER_011,STOCK_04,153.9616952153571,1927.8197940380287,0,none
2026-01-04 20:36:00,USER_064,STOCK_02,148.20528611425547,2720.0586077247362,0,none
2026-01-04 20:53:00,USER_073,STOCK_10,174.9217038499526,963.3048837959252,0,none
2026-01-04 21:11:00,USER_058,STOCK_10,173.93262973291303,1695.1085478403088,0,none
2026-01-04 21:16:00,USER_021,STOCK_07,165.86977441104426,1125.7340133809096,0,none
2026-01-04 21:40:00,USER_047,STOCK_01,166.5083269797606,2406.754818000319,0,none
2026-01-04 21:51:00,USER_057,STOCK_01,894.7178017327757,35097.65326864188,1,point
2026-01-04 21:57:00,USER_086,STOCK_07,167.44641273441357,2091.671002869176,0,none
2026-01-04 22:00:00,USER_061,STOCK_04,180.61501664687395,2609.380925848658,0,none
2026-01-04 22:02:00,USER_072,STOCK_07,113.27589253793407,2253.995663456272,0,none
2026-01-04 22:21:00,USER_071,STOCK_01,162.6481547811104,2486.277224813365,0,none
2026-01-04 22:41:00,USER_074,STOCK_07,166.71384224130284,1435.1465726711908,0,none
2026-01-04 22:50:00,USER_055,STOCK_06,140.64597597376218,2173.251940865358,0,none
2026-01-04 23:09:00,USER_054,STOCK_03,157.3457462680268,2919.0918383975613,0,none
2026-01-04 23:13:00,USER_085,STOCK_02,179.02287215590084,2479.6354130426034,0,none
2026-01-04 23:23:00,USER_033,STOCK_06,137.76964394016105,1296.6694515758888,0,none
2026-01-04 23:39:00,USER_016,STOCK_09,159.62018463473427,2111.9420121395656,0,none
2026-01-04 23:40:00,USER_040,STOCK_09,163.25762537334825,2586.7369287426627,0,none
2026-01-05 00:04:00,USER_062,STOCK_06,182.24556515977292,2657.457226792024,0,none
2026-01-05 00:31:00,USER_013,STOCK_06,149.45390920980137,1533.366020463402,0,none
2026-01-05 00:34:00,USER_074,STOCK_10,163.11801553059522,2097.3680973593873,0,none
2026-01-05 00:38:00,USER_031,STOCK_08,187.4659555243509,2540.0240328573245,0,none
2026-01-05 01:17:00,USER_078,STOCK_08,154.67571823581494,1222.0521768981862,0,none
2026-01-05 01:45:00,USER_081,STOCK_06,162.67553761864198,2206.899548725749,0,none
2026-01-05 02:34:00,USER_052,STOCK_05,193.79605866435344,1595.8508573224242,0,none
2026-01-05 02:45:00,USER_044,STOCK_07,150.97043255889653,1584.524941794481,0,none
2026-01-05 02:53:00,USER_028,STOCK_08,138.15212151522263,1568.004615160092,0,none
2026-01-05 03:02:00,USER_012,STOCK_07,139.02550184518077,2046.4224505705574,0,none
2026-01-05 03:03:00,USER_079,STOCK_06,167.42594594914488,1327.0101598766257,0,none
2026-01-05 03:33:00,USER_053,STOCK_08,113.1825153733671,1360.2115166321491,0,none
2026-01-05 03:47:00,USER_021,STOCK_08,148.02823735431477,2009.424811472424,0,none
2026-01-05 03:49:00,USER_046,STOCK_08,155.5993725263964,1437.2554763508117,0,none
2026-01-05 03:51:00,USER_070,STOCK_08,1259.3830111418433,42235.10491607205,1,point
2026-01-05 03:55:00,USER_004,STOCK_02,135.63111557495128,1893.2764241440764,0,none
2026-01-05 04:16:00,USER_071,STOCK_09,175.11512251147042,1552.696348890248,0,none
2026-01-05 05:01:00,USER_012,STOCK_04,140.99869057041514,2311.4249661737495,0,none
2026-01-05 05:21:00,USER_004,STOCK_08,156.76992814988827,1792.3560430495993,0,none
2026-01-05 05:21:00,USER_065,STOCK_09,160.2781569931783,2089.790890969799,0,none
2026-01-05 05:56:00,USER_080,STOCK_07,169.68644796953168,1893.0055778872456,0,none
2026-01-05 06:03:00,USER_059,STOCK_07,142.75118117193736,1440.165052686928,0,none
2026-01-05 06:17:00,USER_045,STOCK_01,198.0683117047655,1971.1906014832073,0,none
2026-01-05 06:24:00,USER_036,STOCK_03,139.11234550949635,2055.461294854933,0,none
2026-01-05 07:22:00,USER_055,STOCK_09,163.08731312708116,1972.2076645447726,0,none
2026-01-05 07:32:00,USER_083,STOCK_07,137.17036809554097,2215.9612723369705,0,none
2026-01-05 07:34:00,USER_017,STOCK_09,179.85377137919045,1864.4381994787157,0,none
2026-01-05 07:45:00,USER_056,STOCK_02,181.89010126449944,1576.519325840836,0,none
2026-01-05 07:53:00,USER_094,STOCK_06,149.6297372801522,1855.6706805399308,0,none
2026-01-05 08:58:00,USER_040,STOCK_04,133.49005606414977,1839.3070791735033,0,none
2026-01-05 09:01:00,USER_040,STOCK_07,164.1621735337718,2478.3511583972922,0,none
2026-01-05 09:23:00,USER_083,STOCK_09,140.57923388763354,2116.0249686788184,0,none
2026-01-05 09:31:00,USER_014,STOCK_10,164.5525908727396,2025.9729429036497,0,none
2026-01-05 09:33:00,USER_039,STOCK_07,211.57761616910477,2559.787455717288,0,none
2026-01-05 11:00:00,USER_009,STOCK_06,180.56936852825064,2253.9178781448118,0,none
2026-01-05 11:12:00,USER_027,STOCK_04,176.10957614308657,2010.5019208163794,0,none
2026-01-05 11:23:00,USER_048,STOCK_07,180.95010402660122,2897.9388365477607,0,none
2026-01-05 11:31:00,USER_074,STOCK_05,146.65763839366292,2073.356843216661,0,none
2026-01-05 12:02:00,USER_071,STOCK_10,149.44970189898729,2886.125798334872,0,none
2026-01-05 12:20:00,USER_029,STOCK_03,139.40479592465923,2256.633716556678,0,none
2026-01-05 12:23:00,USER_050,STOCK_10,180.8421990513575,3003.0464440795613,0,none
2026-01-05 12:29:00,USER_071,STOCK_05,130.0139553541018,1747.6125393858913,0,none
2026-01-05 12:30:00,USER_040,STOCK_03,168.38152965975536,1854.8627279056743,0,none
2026-01-05 12:37:00,USER_040,STOCK_04,128.7539257254779,2236.796215317591,0,none
2026-01-05 12:42:00,USER_066,STOCK_03,154.49369451503773,2466.295415936545,0,none
2026-01-05 12:57:00,USER_056,STOCK_02,151.95352197097662,1613.4951080722667,0,none
2026-01-05 13:42:00,USER_051,STOCK_06,146.59630754950143,1773.3859753363624,0,none
2026-01-05 13:48:00,USER_067,STOCK_05,175.7950550816549,2336.590675634979,0,none
2026-01-05 13:51:00,USER_079,STOCK_04,128.18067139569604,1794.5928560227076,0,none
2026-01-05 13:56:00,USER_087,STOCK_10,145.73114258139583,2745.363068424976,0,none
2026-01-05 14:05:00,USER_043,STOCK_02,158.19637313857027,1879.3711726907288,0,none
2026-01-05 14:11:00,USER_037,STOCK_02,183.55401628152882,1723.2058791460026,0,none
2026-01-05 14:14:00,USER_060,STOCK_09,1654.318348461435,33918.71836190383,1,point
2026-01-05 14:32:00,USER_040,STOCK_06,156.42714430900546,2210.9603771176426,0,none
2026-01-05 14:35:00,USER_046,STOCK_04,170.61999044991902,2465.6400595580994,0,none
2026-01-05 14:48:00,USER_086,STOCK_09,152.5620882982158,1659.4741712625596,0,none
2026-01-05 15:05:00,USER_057,STOCK_02,165.56722152333276,1724.4071418357332,0,none
2026-01-05 15:18:00,USER_037,STOCK_07,153.38721648072155,1293.1427515475098,0,none
2026-01-05 15:26:00,USER_033,STOCK_01,151.14026249794168,2134.2961394316285,0,none
2026-01-05 15:31:00,USER_054,STOCK_09,176.20617492239217,2697.8419053949783,0,none
2026-01-05 15:36:00,USER_098,STOCK_03,161.7371418760054,3095.227812904989,0,none
2026-01-05 15:45:00,USER_049,STOCK_08,99.39424954507341,1856.9978890599446,0,none
2026-01-05 15:52:00,USER_029,STOCK_01,173.93143003328981,1920.735213486515,0,none
2026-01-05 16:23:00,USER_041,STOCK_03,151.40104326226364,2580.9391513040955,0,none
2026-01-05 16:30:00,USER_059,STOCK_06,146.26256711677283,1780.1344708629126,0,none
2026-01-05 17:16:00,USER_041,STOCK_08,153.32904416426112,2246.2256320040747,0,none
2026-01-05 17:17:00,USER_036,STOCK_08,156.4816793878959,1807.4588597918419,0,none
2026-01-05 17:22:00,USER_062,STOCK_01,161.53113926111533,2155.625077271768,0,none
2026-01-05 17:22:00,USER_058,STOCK_08,144.9004556515829,2751.9964942913443,0,none
2026-01-05 17:42:00,USER_077,STOCK_08,121.69258515899172,1789.6773386173204,0,none
2026-01-05 17:57:00,USER_005,STOCK_08,151.51609116387453,1661.4191442439442,0,none
2026-01-05 18:14:00,USER_031,STOCK_08,137.07545380312393,2887.655446304756,0,none
2026-01-05 18:32:00,USER_062,STOCK_02,171.33349379178307,2584.6477952228365,0,none
2026-01-05 19:04:00,USER_044,STOCK_03,161.3101929126309,1119.6186204220912,0,none
2026-01-05 19:41:00,USER_044,STOCK_07,149.84054717366766,2739.972069445013,0,none
2026-01-05 20:06:00,USER_034,STOCK_08,134.54349570924856,1881.5906966299956,0,none
2026-01-05 20:49:00,USER_068,STOCK_03,155.07479322989147,2233.8465858827167,0,none
2026-01-05 21:03:00,USER_048,STOCK_06,174.34317041650993,2760.6580259612256,0,none
2026-01-05 21:14:00,USER_045,STOCK_03,193.4188543499563,1912.0570937838318,0,none
2026-01-05 21:32:00,USER_083,STOCK_08,151.83521553071006,1006.2155426995536,0,none
2026-01-05 21:34:00,USER_040,STOCK_06,149.60724402146639,2276.244977208574,0,none
2026-01-05 21:45:00,USER_065,STOCK_06,149.6938030165401,2289.6457498005443,0,none
2026-01-05 21:48:00,USER_092,STOCK_04,160.59608355830565,2720.78431032895,0,none
2026-01-05 22:13:00,USER_036,STOCK_04,154.16765615895105,979.1325657878547,0,none
2026-01-05 22:14:00,USER_070,STOCK_08,153.62043117407413,1351.5840260220766,0,none
2026-01-05 22:18:00,USER_043,STOCK_05,133.55559208867137,2121.843605745956,0,none
2026-01-05 22:38:00,USER_087,STOCK_09,121.03831317005351,1296.2681128117224,0,none
2026-01-05 23:02:00,USER_035,STOCK_02,149.28347921780096,2782.3218279070034,0,none
2026-01-05 23:06:00,USER_065,STOCK_01,131.92596278539745,2162.1796408608016,0,none
2026-01-05 23:08:00,USER_068,STOCK_02,262.30811879472225,2220.2373689801993,1,contextual
2026-01-05 23:08:00,USER_092,STOCK_08,263.52820028570267,2057.5130395737087,1,contextual
2026-01-05 23:20:00,USER_057,STOCK_04,161.11208932006897,2044.7903406276243,0,none
2026-01-05 23:45:00,USER_016,STOCK_10,134.14958523134598,1942.6317792665504,0,none
2026-01-06 00:23:00,USER_071,STOCK_01,169.008476763721,1711.5481721687984,0,none
2026-01-06 00:28:00,USER_063,STOCK_08,161.41781021386333,2567.7828200902995,0,none
2026-01-06 00:36:00,USER_084,STOCK_08,143.61892128666764,1601.9870715982556,0,none
2026-01-06 00:39:00,USER_097,STOCK_10,291.86448548952137,2139.497081111901,1,contextual
2026-01-06 00:56:00,USER_036,STOCK_01,118.32194353028554,2380.207328072149,0,none
2026-01-06 01:00:00,USER_043,STOCK_06,155.1205946862775,2491.345491972757,0,none
2026-01-06 01:07:00,USER_100,STOCK_06,147.77547877302598,1548.046179267605,0,none
2026-01-06 01:08:00,USER_024,STOCK_03,128.54513948520386,2119.623432055575,0,none
2026-01-06 01:27:00,USER_084,STOCK_03,149.30630225226437,2117.10736626826,0,none
2026-01-06 01:33:00,USER_065,STOCK_10,149.61160788224535,1848.4101085828622,0,none
2026-01-06 01:40:00,USER_046,STOCK_07,170.60566908063686,2119.3945795132568,0,none
2026-01-06 02:01:00,USER_073,STOCK_03,155.7173078144981,2167.2283949935127,0,none
2026-01-06 02:05:00,USER_004,STOCK_03,129.87965237000597,1392.9056936061338,0,none
2026-01-06 02:15:00,USER_089,STOCK_04,145.53068035256297,1825.3416019409012,0,none
2026-01-06 02:20:00,USER_007,STOCK_04,159.86635801761778,2092.418061847437,0,none
2026-01-06 02:25:00,USER_039,STOCK_05,130.5668653091743,1310.1909176055347,0,none
2026-01-06 02:35:00,USER_035,STOCK_04,146.53856351432262,2007.7895237907337,0,none
2026-01-06 02:47:00,USER_084,STOCK_02,141.0763313357044,1055.2296345272343,0,none
2026-01-06 02:57:00,USER_062,STOCK_08,161.1958089586208,2540.3903627773107,0,none
2026-01-06 03:02:00,USER_008,STOCK_04,139.38997704778944,1712.09087967766,0,none
2026-01-06 03:05:00,USER_094,STOCK_02,124.10637048558189,2580.4133936892595,0,none
2026-01-06 03:14:00,USER_075,STOCK_05,163.45147402405462,2949.940967447608,0,none
2026-01-06 03:29:00,USER_045,STOCK_02,223.95089967938583,1689.576200874442,1,contextual
2026-01-06 03:56:00,USER_076,STOCK_03,166.8128709797745,1673.6880103488045,0,none
2026-01-06 03:58:00,USER_085,STOCK_10,140.50109377678086,1673.335383713144,0,none
2026-01-06 04:03:00,USER_029,STOCK_08,131.83951848957577,1293.8481493323543,0,none
2026-01-06 04:18:00,USER_086,STOCK_07,107.52208551380386,1737.1224891596194,0,none
2026-01-06 05:04:00,USER_015,STOCK_05,193.14616426531006,1697.1425384983309,0,none
2026-01-06 05:09:00,USER_053,STOCK_08,145.530744293483,2357.000247046046,0,none
2026-01-06 05:18:00,USER_069,STOCK_07,162.43143779712102,1815.194831978183,0,none
2026-01-06 05:54:00,USER_088,STOCK_02,154.48903637119943,2523.5491513060774,0,none
2026-01-06 06:01:00,USER_071,STOCK_08,157.68130897878615,1983.6526259529535,0,none
2026-01-06 06:29:00,USER_075,STOCK_07,168.30804235404148,2164.3755548298423,0,none
2026-01-06 06:43:00,USER_074,STOCK_07,130.22817785698166,1448.2053413921144,0,none
2026-01-06 06:51:00,USER_017,STOCK_01,145.64637593545558,2549.388425993595,0,none
2026-01-06 06:53:00,USER_075,STOCK_10,123.59533585958715,2915.7293829271766,0,none
2026-01-06 06:58:00,USER_013,STOCK_02,149.4889185801711,2586.3645096296823,0,none
2026-01-06 08:00:00,USER_013,STOCK_02,178.4100849597971,1714.6268531252617,0,none
2026-01-06 08:25:00,USER_023,STOCK_09,174.0242784432789,1795.9623134892242,0,none
2026-01-06 08:30:00,USER_063,STOCK_01,183.74283270145128,2440.819878474725,0,none
2026-01-06 08:31:00,USER_082,STOCK_08,158.16505511428943,1148.7081978810797,0,none
2026-01-06 08:37:00,USER_003,STOCK_08,134.92070822266646,1859.662461566613,0,none
2026-01-06 08:39:00,USER_078,STOCK_09,156.45437120676178,1586.3845282238385,0,none
2026-01-06 08:49:00,USER_052,STOCK_08,932.38389412419,63215.29004909432,1,point
2026-01-06 09:02:00,USER_011,STOCK_10,152.2845529732408,2075.1508807309388,0,none
2026-01-06 09:07:00,USER_067,STOCK_08,155.86144946597364,1642.824290986816,0,none
2026-01-06 09:29:00,USER_068,STOCK_09,161.16653825043446,2038.0026957062057,0,none
2026-01-06 09:32:00,USER_054,STOCK_08,144.16377462168913,1218.4045956516716,0,none
2026-01-06 09:46:00,USER_044,STOCK_03,96.06226714116858,1972.8525667410938,0,none
2026-01-06 09:48:00,USER_060,STOCK_05,152.97334914404223,1831.4570144409804,0,none
2026-01-06 10:08:00,USER_057,STOCK_04,115.73730941818245,2676.9361870827065,0,none
2026-01-06 10:17:00,USER_084,STOCK_05,137.54701276531097,2097.3037276186215,0,none
2026-01-06 10:34:00,USER_057,STOCK_04,130.66047713741574,1976.1443219290102,0,none
2026-01-06 10:39:00,USER_022,STOCK_05,133.35288853791542,2235.707778193202,0,none
2026-01-06 10:47:00,USER_079,STOCK_05,768.0465843259768,19609.223534584842,1,point
2026-01-06 11:24:00,USER_077,STOCK_01,148.90211998767427,2142.7770374288284,0,none
2026-01-06 11:29:00,USER_068,STOCK_06,149.47188486082146,2140.0805794098032,0,none
2026-01-06 11:35:00,USER_006,STOCK_06,147.58103702784436,2209.766221953514,0,none
2026-01-06 11:52:00,USER_003,STOCK_02,165.13977233290703,1538.9173379111874,0,none
2026-01-06 11:59:00,USER_079,STOCK_01,179.42340654987217,1895.338161424067,0,none
2026-01-06 12:00:00,USER_018,STOCK_07,132.32285127597734,2076.8625529727638,0,none
2026-01-06 12:22:00,USER_060,STOCK_09,168.27169252466499,1598.4105246598276,0,none
2026-01-06 12:23:00,USER_034,STOCK_04,123.91060998990294,2334.836274415019,0,none
2026-01-06 12:28:00,USER_098,STOCK_09,145.2213580166061,1816.5877940926562,0,none
2026-01-06 12:31:00,USER_014,STOCK_06,949.4480483525167,34092.50083574932,1,point
2026-01-06 12:35:00,USER_032,STOCK_08,154.7122911621713,2385.4325969434835,0,none
2026-01-06 12:48:00,USER_030,STOCK_07,172.97531400744208,1130.1431106109503,0,none
2026-01-06 12:54:00,USER_005,STOCK_01,892.5962814524775,55179.31510086044,1,point
2026-01-06 12:55:00,USER_065,STOCK_04,144.8524692515331,1165.7079630612052,0,none
2026-01-06 12:56:00,USER_023,STOCK_08,145.47031802300336,1520.2803816382602,0,none
2026-01-06 13:22:00,USER_044,STOCK_03,148.71723306814016,2164.3812051517402,0,none
2026-01-06 13:23:00,USER_065,STOCK_10,138.9938969230916,1664.1883160309742,0,none
2026-01-06 13:34:00,USER_083,STOCK_09,147.3748606581539,2038.4259414793842,0,none
2026-01-06 13:41:00,USER_048,STOCK_05,119.48949658150522,1654.0459650593777,0,none
2026-01-06 13:51:00,USER_054,STOCK_10,156.64628023959185,1625.756731721723,0,none
2026-01-06 14:14:00,USER_073,STOCK_01,118.58247695863001,1436.6162655450973,0,none
2026-01-06 14:21:00,USER_041,STOCK_02,175.33822298373246,1646.1652671906097,0,none
2026-01-06 14:59:00,USER_033,STOCK_01,149.67154207854495,2594.196636724042,0,none
2026-01-06 15:01:00,USER_069,STOCK_06,131.45293731618852,2119.1844913673926,0,none
2026-01-06 15:16:00,USER_045,STOCK_03,172.52100501544336,1974.3031382057568,0,none
2026-01-06 15:25:00,USER_082,STOCK_05,139.64777401927657,2111.893975819449,0,none
2026-01-06 15:51:00,USER_075,STOCK_09,859.6656126160676,23947.644404373605,1,point
2026-01-06 15:55:00,USER_087,STOCK_09,155.38253882490216,1828.4038622512949,0,none
2026-01-06 16:19:00,USER_027,STOCK_06,167.66219554294318,1961.081401493599,0,none
2026-01-06 16:21:00,USER_007,STOCK_09,171.16848973699175,1120.6302567884427,0,none
2026-01-06 16:26:00,USER_056,STOCK_10,150.36836758379104,2838.218656137641,0,none
2026-01-06 17:23:00,USER_010,STOCK_03,129.57534365738573,2354.1782236496765,0,none
2026-01-06 17:29:00,USER_089,STOCK_05,154.22034934405238,1951.6434440648038,0,none
2026-01-06 17:32:00,USER_057,STOCK_05,150.8762294395822,1926.4989991857558,0,none
2026-01-06 17:58:00,USER_067,STOCK_08,139.20480639381276,1610.8476372988437,0,none
2026-01-06 18:04:00,USER_097,STOCK_09,138.75663946843395,1895.389063127736,0,none
2026-01-06 18:14:00,USER_004,STOCK_10,124.96921151619112,2721.88230203663,0,none
2026-01-06 18:16:00,USER_095,STOCK_01,165.998838038841,1191.844695781706,0,none
2026-01-06 18:24:00,USER_005,STOCK_05,110.41400379248424,2373.955128058767,0,none
2026-01-06 18:43:00,USER_071,STOCK_09,986.6831593572434,32714.698634543474,1,point
2026-01-06 18:48:00,USER_086,STOCK_02,117.44915124233674,2024.0424733306909,0,none
2026-01-06 18:48:00,USER_031,STOCK_04,146.73866072112472,1627.5486775967754,0,none
2026-01-06 19:14:00,USER_079,STOCK_02,119.31771658528756,2638.8384109492545,0,none
2026-01-06 19:32:00,USER_058,STOCK_06,150.760069563364,2060.0156633591305,0,none
2026-01-06 19:52:00,USER_084,STOCK_04,1335.5302355162037,22802.7019525414,1,point
2026-01-06 21:22:00,USER_032,STOCK_07,140.34512955635935,1523.3356958706438,0,none
2026-01-06 21:49:00,USER_081,STOCK_04,148.74641805453658,2477.571160250619,0,none
2026-01-06 22:07:00,USER_078,STOCK_08,146.99888825934946,2062.7882267357713,0,none
2026-01-06 22:22:00,USER_068,STOCK_05,137.22076504620995,1338.4551032962509,0,none
2026-01-06 22:38:00,USER_028,STOCK_06,153.6373251011699,2124.110293150168,0,none
2026-01-06 22:49:00,USER_029,STOCK_05,137.06854231514947,1459.2259981928025,0,none
2026-01-06 22:55:00,USER_003,STOCK_02,118.98673137867735,2034.2814874030137,0,none
2026-01-06 23:16:00,USER_092,STOCK_08,415.73080651624645,1770.55786856553,1,contextual
2026-01-06 23:34:00,USER_074,STOCK_04,373.3107240094442,1615.013384470679,1,contextual
2026-01-06 23:46:00,USER_010,STOCK_10,144.6222261889034,1446.7370456291649,0,none
2026-01-07 00:29:00,USER_052,STOCK_04,173.58594368127652,2033.7592407050545,0,none
2026-01-07 00:38:00,USER_077,STOCK_08,153.8876860315467,1823.4168535946558,0,none
2026-01-07 00:45:00,USER_005,STOCK_03,141.08994957198456,2726.6922385588505,0,none
2026-01-07 00:59:00,USER_089,STOCK_08,165.06683242209064,2190.579192441389,0,none
2026-01-07 01:29:00,USER_081,STOCK_09,146.3420711779032,2687.4382095740925,0,none
2026-01-07 01:33:00,USER_066,STOCK_08,150.48438913345515,2706.110277707715,0,none
2026-01-07 01:35:00,USER_092,STOCK_05,153.55402001866508,1332.3278206449495,0,none
2026-01-07 01:41:00,USER_040,STOCK_08,148.4071721750857,2226.185898124867,0,none
2026-01-07 01:46:00,USER_067,STOCK_07,127.1662177173299,1903.1702703601409,0,none
2026-01-07 02:06:00,USER_072,STOCK_06,165.1785717957353,2140.595711984688,0,none
2026-01-07 02:09:00,USER_070,STOCK_08,149.24730595150302,2551.650941008261,0,none
2026-01-07 02:11:00,USER_098,STOCK_03,149.30576460589512,1415.660981190234,0,none
2026-01-07 02:24:00,USER_020,STOCK_01,156.61760464428914,2416.7644808044624,0,none
2026-01-07 02:31:00,USER_035,STOCK_03,138.89600946613604,2940.578534720295,0,none
2026-01-07 02:39:00,USER_076,STOCK_06,181.59144291461425,1738.569986423366,0,none
2026-01-07 02:44:00,USER_083,STOCK_03,154.01138394461887,2574.3186747143577,0,none
2026-01-07 02:48:00,USER_008,STOCK_02,164.73687794184866,1859.3362214408933,0,none
2026-01-07 02:48:00,USER_068,STOCK_03,150.91143679807627,1674.1998261970914,0,none
2026-01-07 03:30:00,USER_063,STOCK_05,155.61983735470065,1688.6502400897032,0,none
2026-01-07 03:31:00,USER_059,STOCK_04,146.25711469990904,2492.8649978399317,0,none
2026-01-07 03:48:00,USER_079,STOCK_07,281.7697903569071,2571.8770216034645,1,contextual
2026-01-07 03:51:00,USER_054,STOCK_03,423.81231794275,2359.4766553325335,1,contextual
2026-01-07 04:03:00,USER_028,STOCK_03,164.6528015443116,1959.641709945709,0,none
2026-01-07 04:07:00,USER_014,STOCK_05,172.8564562903004,2375.966516343387,0,none
2026-01-07 04:21:00,USER_047,STOCK_01,151.6365871709513,1950.5551734044286,0,none
2026-01-07 04:27:00,USER_091,STOCK_05,157.60395702011925,2305.2928726419113,0,none
2026-01-07 04:38:00,USER_064,STOCK_02,151.9415509869608,2484.3224952664445,0,none
2026-01-07 05:05:00,USER_061,STOCK_03,147.70920309494764,2618.908155986731,0,none
2026-01-07 05:38:00,USER_076,STOCK_02,162.27035945460833,1488.6037174007972,0,none
2026-01-07 05:53:00,USER_031,STOCK_05,132.20971140748952,1592.0948575172808,0,none
2026-01-07 06:07:00,USER_072,STOCK_02,1349.5367661040482,31213.167030367575,1,point
2026-01-07 06:15:00,USER_085,STOCK_10,150.10487399436366,2023.490296882371,0,none
2026-01-07 06:58:00,USER_020,STOCK_05,151.33981434449743,2257.9696088520495,0,none
2026-01-07 07:04:00,USER_047,STOCK_10,132.83284439637572,2350.1549397044955,0,none
2026-01-07 07:11:00,USER_037,STOCK_02,155.8711586433326,1321.7090976882973,0,none
2026-01-07 07:18:00,USER_059,STOCK_03,155.66575743092284,1870.5475131479614,0,none
2026-01-07 07:28:00,USER_069,STOCK_04,154.48184963620832,2006.2962003908974,0,none
2026-01-07 08:26:00,USER_047,STOCK_02,121.56378666516312,2750.6668259777434,0,none
2026-01-07 08:39:00,USER_081,STOCK_10,164.18903634278078,1782.2568147150782,0,none
2026-01-07 08:40:00,USER_064,STOCK_03,145.50288036383841,1674.9987095882702,0,none
2026-01-07 09:02:00,USER_053,STOCK_07,147.99691847040094,1898.1631249115171,0,none
2026-01-07 09:08:00,USER_070,STOCK_09,143.54640322315728,1874.5834917724762,0,none
2026-01-07 09:09:00,USER_015,STOCK_02,184.55086340201422,2218.161834837016,0,none
2026-01-07 09:31:00,USER_054,STOCK_03,142.23646362917543,2085.2081111877437,0,none
2026-01-07 09:59:00,USER_033,STOCK_09,143.14570966946462,1598.8613653891905,0,none
2026-01-07 10:23:00,USER_066,STOCK_04,152.44595006064569,2271.649014518194,0,none
2026-01-07 10:51:00,USER_063,STOCK_10,157.01260198547118,2244.593565073832,0,none
2026-01-07 10:55:00,USER_091,STOCK_04,161.89508683330573,2426.707779390154,0,none
2026-01-07 10:58:00,USER_055,STOCK_06,156.75205324150403,1794.0615169387663,0,none
2026-01-07 11:21:00,USER_094,STOCK_04,140.4165152430942,1907.1705116680914,0,none
2026-01-07 12:18:00,USER_028,STOCK_09,85.17465319861854,1487.8061793328552,0,none
2026-01-07 12:34:00,USER_062,STOCK_06,154.44267543267426,1760.6256891682613,0,none
2026-01-07 12:40:00,USER_034,STOCK_10,133.83012794213624,1749.1214782077318,0,none
2026-01-07 12:44:00,USER_017,STOCK_10,155.5338159866004,2413.591624518012,0,none
2026-01-07 12:47:00,USER_100,STOCK_09,130.18927349738624,1716.851135198614,0,none
2026-01-07 12:53:00,USER_028,STOCK_01,146.05323159385347,1924.3633581732443,0,none
2026-01-07 12:59:00,USER_011,STOCK_03,138.92701389305637,1401.061053705576,0,none
2026-01-07 13:16:00,USER_008,STOCK_02,146.6371236283042,1763.9547111514364,0,none
2026-01-07 14:28:00,USER_005,STOCK_06,175.5532979157685,1704.214305582085,0,none
2026-01-07 14:35:00,USER_044,STOCK_03,191.12414259880643,1448.3958171391585,0,none
2026-01-07 14:40:00,USER_046,STOCK_05,169.5039525956486,2250.5470849699227,0,none
2026-01-07 15:41:00,USER_070,STOCK_05,140.22301156427451,1440.1912833554943,0,none
2026-01-07 16:08:00,USER_091,STOCK_07,133.42009978155855,1719.9094799015152,0,none
2026-01-07 16:13:00,USER_010,STOCK_03,164.4334412808647,1435.4741143913852,0,none
2026-01-07 16:14:00,USER_038,STOCK_10,123.43627902203139,2098.4306179345617,0,none
2026-01-07 16:18:00,USER_053,STOCK_02,162.43619924434392,1214.8876400547717,0,none
2026-01-07 16:36:00,USER_038,STOCK_03,124.20078200517892,1352.4606139681919,0,none
2026-01-07 16:53:00,USER_017,STOCK_04,133.20556315638447,1700.303677277989,0,none
2026-01-07 16:55:00,USER_014,STOCK_09,98.9215773019609,2467.159955619637,0,none
2026-01-07 17:06:00,USER_098,STOCK_04,144.60250129413257,1510.6181421088463,0,none
2026-01-07 17:16:00,USER_002,STOCK_09,151.43132474438784,1761.1712766174417,0,none
2026-01-07 17:17:00,USER_064,STOCK_01,164.50191573695994,2258.089143557479,0,none
2026-01-07 17:49:00,USER_047,STOCK_03,169.9662179629592,1784.1898436409758,0,none
2026-01-07 17:51:00,USER_087,STOCK_07,174.26195399958368,2070.858456819952,0,none
2026-01-07 18:05:00,USER_060,STOCK_05,126.12149987201889,2071.4715473818533,0,none
2026-01-07 18:07:00,USER_077,STOCK_06,180.04714104192055,2037.0473902098877,0,none
2026-01-07 18:33:00,USER_093,STOCK_05,182.79929058742786,2371.063745535946,0,none
2026-01-07 18:39:00,USER_002,STOCK_02,164.94587210246524,2305.1851327167324,0,none
2026-01-07 18:48:00,USER_042,STOCK_10,148.35697643214863,2558.647915794064,0,none
2026-01-07 18:52:00,USER_043,STOCK_02,157.63870904463107,2215.0208235955347,0,none
2026-01-07 18:52:00,USER_016,STOCK_05,135.6635535879439,1066.73169146347,0,none
2026-01-07 18:58:00,USER_090,STOCK_05,141.4139555096548,1653.789510063072,0,none
2026-01-07 19:30:00,USER_028,STOCK_08,155.19445003442965,1547.8416874477957,0,none
2026-01-07 19:36:00,USER_085,STOCK_01,132.48763493230484,1308.600134517832,0,none
2026-01-07 19:50:00,USER_067,STOCK_06,185.30908480562192,2202.490855480478,0,none
2026-01-07 21:13:00,USER_072,STOCK_04,175.93989093122218,1988.5659688505589,0,none
2026-01-07 21:38:00,USER_050,STOCK_04,170.6368907893727,1257.219813481514,0,none
2026-01-07 22:13:00,USER_018,STOCK_09,133.63602233155385,1998.312771294524,0,none
2026-01-07 22:16:00,USER_029,STOCK_07,172.16365633475033,1480.0470364372345,0,none
2026-01-07 22:50:00,USER_061,STOCK_04,150.26003783755814,2726.7670385786587,0,none
2026-01-07 22:51:00,USER_006,STOCK_03,150.36867866130785,2173.7908526808355,0,none
2026-01-07 23:13:00,USER_030,STOCK_01,139.29343628092155,1954.7333588479196,0,none
2026-01-07 23:14:00,USER_093,STOCK_06,130.89754841301294,2211.7995327967305,0,none
2026-01-07 23:25:00,USER_010,STOCK_01,113.97884531694521,1728.6631001329893,0,none
2026-01-07 23:42:00,USER_013,STOCK_02,261.3261015686101,1970.2373219690999,1,contextual
2026-01-07 23:45:00,USER_047,STOCK_03,171.47263499719543,1486.7423502944698,0,none
2026-01-07 23:51:00,USER_085,STOCK_08,151.92241553881968,1768.8623556474788,0,none
2026-01-08 00:02:00,USER_034,STOCK_01,167.1531924640404,1920.0307350182864,0,none
2026-01-08 00:33:00,USER_071,STOCK_03,160.94194762340075,1898.903673783053,0,none
2026-01-08 00:44:00,USER_019,STOCK_04,149.33746054252407,2897.278931758894,0,none
2026-01-08 00:50:00,USER_062,STOCK_03,156.6396066113803,2095.249839889533,0,none
2026-01-08 01:07:00,USER_049,STOCK_06,149.08827967289005,2121.6697246613458,0,none
2026-01-08 01:49:00,USER_003,STOCK_05,153.41730876255883,1908.0083318236605,0,none
2026-01-08 01:56:00,USER_039,STOCK_07,161.67856370651927,1820.3539546064703,0,none
2026-01-08 02:08:00,USER_071,STOCK_04,130.50636659545358,2393.542301871226,0,none
2026-01-08 02:11:00,USER_029,STOCK_01,173.17191158014808,1589.6588408241448,0,none
2026-01-08 02:17:00,USER_042,STOCK_01,143.5930538361136,2212.0829732009583,0,none
2026-01-08 02:24:00,USER_036,STOCK_01,179.31297537843108,1887.1118497567322,0,none
2026-01-08 03:06:00,USER_075,STOCK_03,129.68356362043207,2030.8399249239858,0,none
2026-01-08 03:43:00,USER_065,STOCK_07,142.41744518025027,1898.2098199488191,0,none
2026-01-08 03:59:00,USER_096,STOCK_10,124.39141295007434,2877.3970909921823,0,none
2026-01-08 03:59:00,USER_009,STOCK_04,136.76427070463225,2426.216667398112,0,none
2026-01-08 04:21:00,USER_009,STOCK_07,150.10226913284922,1882.7064333124265,0,none
2026-01-08 04:26:00,USER_069,STOCK_01,190.26774495053246,2068.267665541369,0,none
2026-01-08 04:29:00,USER_061,STOCK_05,172.14161338573945,1939.8094180232008,0,none
2026-01-08 04:37:00,USER_068,STOCK_05,159.88060372565477,2130.3368829119536,0,none
2026-01-08 05:09:00,USER_008,STOCK_01,136.23699309644553,3126.217902672154,0,none
2026-01-08 05:10:00,USER_066,STOCK_03,158.5923643826517,2103.8438435815556,0,none
2026-01-08 05:53:00,USER_004,STOCK_09,115.50164334973934,1718.8562353795137,0,none
2026-01-08 05:59:00,USER_020,STOCK_02,135.63185468861604,2447.4621884722205,0,none
2026-01-08 06:21:00,USER_033,STOCK_01,156.1560353778412,1144.9158036716872,0,none
2026-01-08 06:21:00,USER_034,STOCK_01,149.73005550524132,1471.1445355220499,0,none
2026-01-08 06:39:00,USER_027,STOCK_06,192.66066749312535,1023.9561002387491,0,none
2026-01-08 07:02:00,USER_066,STOCK_03,161.7338760295055,1762.5481716887377,0,none
2026-01-08 07:03:00,USER_077,STOCK_10,149.34493459568003,1728.2876144331176,0,none
2026-01-08 07:05:00,USER_096,STOCK_08,122.80287718040162,2373.1267830136103,0,none
2026-01-08 07:09:00,USER_019,STOCK_06,146.3904017281875,3596.5537839224307,0,none
2026-01-08 07:16:00,USER_046,STOCK_04,143.84443530093998,2109.5751638319693,0,none
2026-01-08 07:36:00,USER_019,STOCK_02,146.5474540011836,2441.8299687433364,0,none
2026-01-08 07:47:00,USER_026,STOCK_03,178.05588621872198,1299.0744686038597,0,none
2026-01-08 07:50:00,USER_082,STOCK_03,156.62526862807127,2487.7725635611796,0,none
2026-01-08 07:55:00,USER_049,STOCK_10,146.461055450119,1600.851377730773,0,none
2026-01-08 08:01:00,USER_021,STOCK_06,160.77511984892737,1539.663203460317,0,none
2026-01-08 08:05:00,USER_062,STOCK_04,153.79163233197488,2500.5230462835707,0,none
2026-01-08 08:31:00,USER_084,STOCK_09,173.26327504309918,2005.1165305097936,0,none
2026-01-08 09:02:00,USER_087,STOCK_09,137.5246207860839,2957.015676933393,0,none
2026-01-08 09:16:00,USER_069,STOCK_02,135.30816846403903,1594.8737814928095,0,none
2026-01-08 09:23:00,USER_046,STOCK_04,129.06178034636122,2268.326376263643,0,none
2026-01-08 09:23:00,USER_056,STOCK_05,132.250156443958,1781.270849838295,0,none
2026-01-08 09:24:00,USER_099,STOCK_01,138.08677411913015,2687.2190465854087,0,none
2026-01-08 09:27:00,USER_006,STOCK_09,157.9844624521056,2323.5979698513706,0,none
2026-01-08 09:34:00,USER_073,STOCK_05,156.8351195155432,2938.085419607943,0,none
2026-01-08 10:06:00,USER_009,STOCK_04,137.2452003149737,1734.5015224990912,0,none
2026-01-08 10:17:00,USER_082,STOCK_01,150.41587415350816,1635.998529385433,0,none
2026-01-08 10:58:00,USER_096,STOCK_03,151.93991929985435,2297.5785127184568,0,none
2026-01-08 13:03:00,USER_013,STOCK_01,162.1579301943308,2093.304561578179,0,none
2026-01-08 13:22:00,USER_088,STOCK_01,201.4671960649972,2029.609217007244,0,none
2026-01-08 13:50:00,USER_088,STOCK_05,137.53718947150472,1722.2614404198725,0,none
2026-01-08 14:03:00,USER_066,STOCK_10,142.69356897375783,2092.340152932454,0,none
2026-01-08 14:22:00,USER_075,STOCK_09,179.53080699451792,2690.0456770737255,0,none
2026-01-08 14:42:00,USER_055,STOCK_05,138.21270486111578,2424.8010485105124,0,none
2026-01-08 15:00:00,USER_060,STOCK_05,161.3953456046441,2223.8542800086575,0,none
2026-01-08 15:03:00,USER_059,STOCK_03,167.42249406863385,1836.9882339160795,0,none
2026-01-08 15:05:00,USER_047,STOCK_03,136.46155999388083,2305.8381444204338,0,none
2026-01-08 15:20:00,USER_025,STOCK_10,154.9876736742151,2788.7266398817374,0,none
2026-01-08 15:40:00,USER_097,STOCK_08,143.28430601419743,2834.5107626446966,0,none
2026-01-08 15:58:00,USER_080,STOCK_08,150.64008298131535,1623.2910648269083,0,none
2026-01-08 16:06:00,USER_015,STOCK_01,159.93428306022466,1930.8678494144076,0,none
2026-01-08 16:07:00,USER_008,STOCK_02,164.44762715655543,1813.5834239541166,0,none
2026-01-08 16:12:00,USER_076,STOCK_03,149.5726541130313,1626.3941604260883,0,none
2026-01-08 16:35:00,USER_062,STOCK_06,168.99108270882647,1257.5510157750482,0,none
2026-01-08 17:12:00,USER_043,STOCK_03,127.93266787652253,923.5547035237585,0,none
2026-01-08 17:32:00,USER_012,STOCK_10,161.3796615837055,2814.198311564269,0,none
2026-01-08 17:34:00,USER_046,STOCK_01,145.58071652340672,2013.4429194972654,0,none
2026-01-08 17:56:00,USER_023,STOCK_01,183.45144773675406,2209.5095046830224,0,none
2026-01-08 18:20:00,USER_020,STOCK_05,139.5455395896192,2524.5046129184448,0,none
2026-01-08 18:31:00,USER_033,STOCK_03,164.16428846513114,2116.608065631751,0,none
2026-01-08 18:47:00,USER_053,STOCK_02,162.8544551973509,2664.5762650662155,0,none
2026-01-08 18:52:00,USER_036,STOCK_04,163.9277489491343,2477.652604285255,0,none
2026-01-08 18:56:00,USER_011,STOCK_06,149.01072580695134,2337.409746083302,0,none
2026-01-08 19:01:00,USER_009,STOCK_01,151.98664610858452,2375.6935616858946,0,none
2026-01-08 19:07:00,USER_035,STOCK_10,109.23750929644292,1495.9568445412979,0,none
2026-01-08 20:16:00,USER_042,STOCK_08,173.58880241442574,1765.4121739476477,0,none
2026-01-08 20:31:00,USER_100,STOCK_10,106.54660907971927,2423.710838575211,0,none
2026-01-08 20:49:00,USER_062,STOCK_04,151.5727038063218,1000.8996577339461,0,none
2026-01-08 20:59:00,USER_052,STOCK_02,172.11051865915968,2593.51515278019,0,none
2026-01-08 21:05:00,USER_070,STOCK_08,131.01202222336113,3316.1910324186956,0,none
2026-01-08 21:24:00,USER_011,STOCK_05,118.11144682411266,1700.3124885231136,0,none
2026-01-08 21:26:00,USER_056,STOCK_06,128.58215003877774,2241.2362076215927,0,none
2026-01-08 21:39:00,USER_061,STOCK_09,920.6385402026838,41172.323554722236,1,point
2026-01-08 21:46:00,USER_067,STOCK_04,134.54244664352782,2203.5261435622674,0,none
2026-01-08 22:00:00,USER_004,STOCK_03,184.719276063305,2098.9553917313237,0,none
2026-01-08 22:02:00,USER_026,STOCK_07,156.52266044484236,1374.4432118073487,0,none
2026-01-08 22:14:00,USER_092,STOCK_08,196.29317133347018,1066.367403704126,0,none
2026-01-08 22:19:00,USER_062,STOCK_09,147.91101562925056,1915.5891384049946,0,none
2026-01-08 22:28:00,USER_028,STOCK_10,129.9675998021017,1859.4498535570226,0,none
2026-01-08 22:43:00,USER_084,STOCK_03,195.977962472385,1818.5807197801705,0,none
2026-01-08 22:48:00,USER_075,STOCK_06,134.52421601792855,1377.6726483442915,0,none
2026-01-08 22:52:00,USER_043,STOCK_10,150.49020348517885,2248.999145622725,0,none
2026-01-08 22:55:00,USER_086,STOCK_02,169.92095371611632,1621.6024557152696,0,none
2026-01-08 23:07:00,USER_033,STOCK_06,149.06158842241632,2238.520413611561,0,none
2026-01-08 23:37:00,USER_014,STOCK_06,163.6390594258993,1844.866621703272,0,none
2026-01-08 23:51:00,USER_016,STOCK_08,147.31382517058904,2405.404136579891,0,none
2026-01-08 23:51:00,USER_045,STOCK_02,187.69172611869217,2771.6217641360945,0,none
2026-01-09 00:10:00,USER_063,STOCK_04,148.4579658117179,2170.575987408322,0,none
2026-01-09 00:15:00,USER_013,STOCK_03,153.197127839948,1486.162429537021,0,none
2026-01-09 00:29:00,USER_014,STOCK_03,183.30948888925153,2507.1850325090654,0,none
2026-01-09 00:29:00,USER_090,STOCK_09,157.7715720906193,3246.4997587163953,0,none
2026-01-09 00:30:00,USER_035,STOCK_02,133.21564953554724,1845.3938120743928,0,none
2026-01-09 00:46:00,USER_082,STOCK_07,184.5392770246681,1800.1819071926989,0,none
2026-01-09 00:54:00,USER_084,STOCK_06,136.3995055684302,2116.1268485805017,0,none
2026-01-09 01:13:00,USER_040,STOCK_04,128.6475914123481,1928.8102574893533,0,none
2026-01-09 01:22:00,USER_084,STOCK_02,133.0641256386319,1242.5763876570677,0,none
2026-01-09 01:39:00,USER_097,STOCK_04,127.12547585358676,2054.2798528882618,0,none
2026-01-09 02:11:00,USER_093,STOCK_04,148.59002443881818,2243.250821913101,0,none
2026-01-09 02:15:00,USER_070,STOCK_07,145.07875023740104,1578.376702341904,0,none
2026-01-09 02:17:00,USER_095,STOCK_09,181.58425631014782,2383.717364576454,0,none
2026-01-09 02:27:00,USER_096,STOCK_03,134.81734676892603,2075.1968932381037,0,none
2026-01-09 02:31:00,USER_070,STOCK_03,140.21121114963555,2522.080438534536,0,none
2026-01-09 02:39:00,USER_057,STOCK_01,119.4868737085981,2631.292051713591,0,none
2026-01-09 02:53:00,USER_077,STOCK_01,135.28940114820466,2618.0465876052185,0,none
2026-01-09 02:55:00,USER_058,STOCK_06,1108.7558563409923,39210.46230147081,1,point
2026-01-09 03:29:00,USER_073,STOCK_10,126.24803161940974,2154.9103551135136,0,none
2026-01-09 03:39:00,USER_069,STOCK_05,187.7237180242106,2087.2889064159194,0,none
2026-01-09 04:02:00,USER_031,STOCK_08,122.41361543970946,1634.5349800290405,0,none
2026-01-09 04:41:00,USER_069,STOCK_03,241.25363871437585,1172.5716640671153,1,contextual
2026-01-09 04:44:00,USER_048,STOCK_09,180.067966035343,2438.6811452878355,0,none
2026-01-09 04:50:00,USER_065,STOCK_05,176.08680485756304,1168.7540059821629,0,none
2026-01-09 05:12:00,USER_030,STOCK_05,128.37873344800204,2307.967803472132,0,none
2026-01-09 05:32:00,USER_008,STOCK_03,156.46158546232058,1873.823248936856,0,none
2026-01-09 05:44:00,USER_077,STOCK_08,125.55744382216109,2356.499215086194,0,none
2026-01-09 05:51:00,USER_057,STOCK_06,134.3020337383552,2324.1402169219296,0,none
2026-01-09 05:58:00,USER_091,STOCK_08,147.25102970744615,2476.4372736014693,0,none
2026-01-09 05:59:00,USER_048,STOCK_04,165.71600317301665,2212.7287808924825,0,none
2026-01-09 05:59:00,USER_016,STOCK_05,170.65092408683316,2563.3525684137917,0,none
2026-01-09 06:00:00,USER_033,STOCK_08,161.8130966138462,2554.3517902914537,0,none
2026-01-09 06:04:00,USER_061,STOCK_08,141.11413479847778,2188.650246522426,0,none
2026-01-09 06:24:00,USER_032,STOCK_05,158.26869806447402,2938.397906279033,0,none
2026-01-09 06:40:00,USER_031,STOCK_01,155.77387258559713,2130.16091938561,0,none
2026-01-09 06:59:00,USER_020,STOCK_04,136.0054898401483,2106.989955367111,0,none
2026-01-09 07:00:00,USER_063,STOCK_04,129.5162635134159,2927.046283167094,0,none
2026-01-09 07:23:00,USER_062,STOCK_03,156.14813395618202,2407.8686062696484,0,none
2026-01-09 07:34:00,USER_018,STOCK_08,122.56197714137286,1193.2193010616293,0,none
2026-01-09 07:38:00,USER_054,STOCK_07,173.77826742949287,2354.151923600532,0,none
2026-01-09 08:26:00,USER_038,STOCK_01,174.13017933016715,1591.5321645063818,0,none
2026-01-09 08:30:00,USER_033,STOCK_06,162.7718491755475,1169.23996886552,0,none
2026-01-09 08:34:00,USER_052,STOCK_05,139.101618263821,2199.5680571760354,0,none
2026-01-09 09:23:00,USER_098,STOCK_05,153.00837810287152,2182.4805012331126,0,none
2026-01-09 09:27:00,USER_059,STOCK_02,142.7806766836184,2579.664901682124,0,none
2026-01-09 10:04:00,USER_049,STOCK_07,139.65423099799256,2704.67372009279,0,none
2026-01-09 10:13:00,USER_018,STOCK_09,128.92635161707292,1466.0985392104035,0,none
2026-01-09 11:02:00,USER_056,STOCK_01,163.80287983422224,1799.389764057082,0,none
2026-01-09 11:11:00,USER_029,STOCK_06,165.88529359243654,1372.8552884153753,0,none
2026-01-09 11:14:00,USER_082,STOCK_07,153.59788302306956,2696.0011431722996,0,none
2026-01-09 11:57:00,USER_042,STOCK_07,137.4887459698094,2197.9017667187045,0,none
2026-01-09 12:10:00,USER_040,STOCK_07,155.00985700691754,2173.2241047484877,0,none
2026-01-09 12:20:00,USER_037,STOCK_04,139.39484763255118,1603.563583868828,0,none
2026-01-09 12:21:00,USER_043,STOCK_08,140.70765405403213,2100.57982793642,0,none
2026-01-09 12:30:00,USER_011,STOCK_06,150.87204892744907,2847.5255202153767,0,none
2026-01-09 12:33:00,USER_011,STOCK_09,174.55337984946584,1395.1794906543973,0,none
2026-01-09 13:01:00,USER_100,STOCK_08,146.65756572427176,2141.28997524415,0,none
2026-01-09 13:15:00,USER_075,STOCK_08,161.2183889588248,1852.25984098542,0,none
2026-01-09 13:16:00,USER_093,STOCK_08,165.3216055676938,2613.4666119421536,0,none
2026-01-09 13:28:00,USER_055,STOCK_03,147.31965666654165,2007.3440973645986,0,none
2026-01-09 14:02:00,USER_039,STOCK_09,193.06364915023113,1616.3262185559752,0,none
2026-01-09 14:07:00,USER_053,STOCK_08,170.750798885158,1744.9918005726265,0,none
2026-01-09 14:16:00,USER_078,STOCK_06,153.5288311055445,1816.4860804583388,0,none
2026-01-09 14:20:00,USER_028,STOCK_07,165.4339742129669,575.7286896849623,0,none
2026-01-09 14:40:00,USER_093,STOCK_05,146.15278070437756,2150.7736711668063,0,none
2026-01-09 15:00:00,USER_003,STOCK_07,184.65029998970184,3115.650073096316,0,none
2026-01-09 15:14:00,USER_022,STOCK_08,151.54736615295238,1569.3578993358683,0,none
2026-01-09 15:45:00,USER_039,STOCK_10,168.76567611951995,1741.9776358913132,0,none
2026-01-09 16:05:00,USER_078,STOCK_09,163.5585174267854,1756.0442959271486,0,none
2026-01-09 16:07:00,USER_083,STOCK_03,135.9601662438649,1668.549541224526,0,none
2026-01-09 16:15:00,USER_029,STOCK_01,171.71572649878695,2048.991576735448,0,none
2026-01-09 16:45:00,USER_059,STOCK_09,166.45089824206377,1389.5781750144888,0,none
2026-01-09 17:59:00,USER_045,STOCK_07,141.47284807588915,2574.222854598377,0,none
2026-01-09 18:15:00,USER_023,STOCK_07,169.06250090752172,2256.5427100486463,0,none
2026-01-09 18:24:00,USER_070,STOCK_01,151.28560038190926,1461.127611035347,0,none
2026-01-09 18:37:00,USER_043,STOCK_07,173.16221747000137,2395.831346981468,0,none
2026-01-09 19:23:00,USER_039,STOCK_10,129.99337350788852,1661.1275147375743,0,none
2026-01-09 19:48:00,USER_076,STOCK_04,119.90559251937995,2380.027981844801,0,none
2026-01-09 19:59:00,USER_036,STOCK_04,162.95377076201385,2761.514928204013,0,none
2026-01-09 20:49:00,USER_095,STOCK_06,180.01519581268622,2425.1108710567464,0,none
2026-01-09 21:21:00,USER_044,STOCK_02,158.80028900106666,1748.9728878236945,0,none
2026-01-09 21:34:00,USER_062,STOCK_04,135.15058828603904,1339.988744389647,0,none
2026-01-09 21:36:00,USER_054,STOCK_03,173.90093257849685,1238.4065476081128,0,none
2026-01-09 21:37:00,USER_095,STOCK_09,117.87107359484855,2101.7318179336116,0,none
2026-01-09 21:44:00,USER_092,STOCK_02,136.9632778439568,2023.699335658207,0,none
2026-01-09 21:44:00,USER_041,STOCK_01,135.69392581480065,2339.798874467338,0,none
2026-01-09 22:33:00,USER_099,STOCK_02,145.02071703041852,2485.785475477178,0,none
2026-01-09 22:57:00,USER_096,STOCK_08,131.2132921236249,1927.9562221391923,0,none
2026-01-09 23:16:00,USER_031,STOCK_03,160.30095372612095,3926.365745327361,0,none
2026-01-09 23:19:00,USER_035,STOCK_06,126.1272633648704,2459.577086805001,0,none
2026-01-09 23:26:00,USER_029,STOCK_07,154.87601427542398,1717.9606846316358,0,none
2026-01-09 23:27:00,USER_004,STOCK_04,116.61189437757257,2271.6800961899676,0,none
2026-01-09 23:38:00,USER_066,STOCK_02,128.07449826209597,1279.9745587028528,0,none
2026-01-09 23:44:00,USER_057,STOCK_10,182.57231091142583,1309.9492708925543,0,none
2026-01-09 23:52:00,USER_007,STOCK_02,135.95893812245296,1836.1689267011159,0,none
2026-01-09 23:54:00,USER_037,STOCK_06,188.02381371506016,1969.6695930926896,0,none
2026-01-09 23:59:00,USER_003,STOCK_05,156.16101079008206,1804.1757162891045,0,none
2026-01-10 00:03:00,USER_064,STOCK_08,138.48724347524453,2061.0049073226805,0,none
2026-01-10 00:59:00,USER_075,STOCK_08,133.29305893480486,3072.5745638866942,0,none
2026-01-10 01:01:00,USER_007,STOCK_04,201.2016907653759,1951.9700501376751,0,none
2026-01-10 01:05:00,USER_068,STOCK_10,130.2079035948284,1937.1065399501758,0,none
2026-01-10 01:32:00,USER_032,STOCK_10,169.29703266194915,2807.7914117741157,0,none
2026-01-10 01:37:00,USER_089,STOCK_03,134.19051089109377,2235.734178567998,0,none
2026-01-10 01:46:00,USER_027,STOCK_04,121.84976610564357,1611.0916562045622,0,none
2026-01-10 02:05:00,USER_052,STOCK_06,176.3423013467973,1940.9657365044607,0,none
2026-01-10 02:37:00,USER_083,STOCK_07,191.48165339499946,1540.3077042067882,0,none
2026-01-10 02:37:00,USER_100,STOCK_09,139.72266165326613,1470.3932390555242,0,none
2026-01-10 02:37:00,USER_017,STOCK_03,154.5491986920826,2653.571377141214,0,none
2026-01-10 02:55:00,USER_074,STOCK_07,162.38308522010396,3028.7477348558496,0,none
2026-01-10 03:02:00,USER_018,STOCK_05,100.01188570252853,3145.471286295371,0,none
2026-01-10 03:09:00,USER_017,STOCK_07,101.51519479454117,2442.022698180525,0,none
2026-01-10 03:22:00,USER_083,STOCK_06,155.15100781445528,1962.7770421169164,0,none
2026-01-10 03:24:00,USER_012,STOCK_10,113.9372064748811,1207.932028497255,0,none
2026-01-10 03:42:00,USER_075,STOCK_01,985.5219898274083,51581.729082557045,1,point
2026-01-10 04:00:00,USER_070,STOCK_09,150.56362314738257,1995.4405016778983,0,none
2026-01-10 04:04:00,USER_037,STOCK_04,160.22405199049962,2686.829272581479,0,none
2026-01-10 04:04:00,USER_017,STOCK_05,167.991997508665,2153.649760438305,0,none
2026-01-10 04:10:00,USER_075,STOCK_06,142.7009454091423,1580.3951663304967,0,none
2026-01-10 04:26:00,USER_021,STOCK_07,228.81949685185137,1287.6259068932716,1,contextual
2026-01-10 04:27:00,USER_087,STOCK_06,149.62582487108205,1805.740773455557,0,none
2026-01-10 04:29:00,USER_054,STOCK_06,128.37886919183475,2526.576426666452,0,none
2026-01-10 04:35:00,USER_038,STOCK_02,140.78722458080426,2528.561113109458,0,none
2026-01-10 04:41:00,USER_088,STOCK_04,404.8941815118188,2307.6837420065267,1,contextual
2026-01-10 04:57:00,USER_019,STOCK_10,167.90386440055465,2317.585900840985,0,none
2026-01-10 05:01:00,USER_049,STOCK_03,160.26211596352167,1870.2266612080414,0,none
2026-01-10 05:07:00,USER_034,STOCK_08,148.34638628314602,1939.1262458083581,0,none
2026-01-10 05:27:00,USER_045,STOCK_06,150.9772014065141,2020.2958456019412,0,none
2026-01-10 05:37:00,USER_073,STOCK_10,182.27422538117293,2226.76715075699,0,none
2026-01-10 05:53:00,USER_021,STOCK_05,132.79173269432096,1807.7222278850872,0,none
2026-01-10 05:58:00,USER_049,STOCK_09,137.7319467291812,1848.7651567559358,0,none
2026-01-10 06:03:00,USER_055,STOCK_04,162.90751899170294,2684.3157787661744,0,none
2026-01-10 06:05:00,USER_083,STOCK_06,138.71504802685223,2092.2756515985184,0,none
2026-01-10 06:31:00,USER_072,STOCK_07,156.48332704976883,1934.9284728161576,0,none
2026-01-10 07:12:00,USER_006,STOCK_06,173.35564123319614,2127.2104216506063,0,none
2026-01-10 07:45:00,USER_061,STOCK_07,144.70686333524088,3360.0845832948094,0,none
2026-01-10 08:04:00,USER_068,STOCK_06,166.00819050455365,2377.1456649067873,0,none
2026-01-10 08:14:00,USER_065,STOCK_09,176.56388283698115,2278.11500470033,0,none
2026-01-10 08:35:00,USER_065,STOCK_05,149.2088969228669,2340.7503486863125,0,none
2026-01-10 08:37:00,USER_081,STOCK_10,161.86202515936768,1845.226780343005,0,none
2026-01-10 09:00:00,USER_081,STOCK_06,171.8262024118854,2304.5690604535885,0,none
2026-01-10 09:19:00,USER_064,STOCK_01,126.60166328579425,563.8688933591754,0,none
2026-01-10 09:25:00,USER_038,STOCK_10,137.75125250719125,2180.751762603051,0,none
2026-01-10 09:35:00,USER_019,STOCK_03,141.1343549761698,1557.5986429865495,0,none
2026-01-10 09:43:00,USER_095,STOCK_01,137.01444909867985,1388.029866618872,0,none
2026-01-10 09:47:00,USER_018,STOCK_04,160.27200213139434,1733.6495801690444,0,none
2026-01-10 09:47:00,USER_088,STOCK_07,155.9224055412915,2130.5276360899447,0,none
2026-01-10 10:13:00,USER_047,STOCK_09,156.46335428369562,1926.1987068506658,0,none
2026-01-10 10:54:00,USER_008,STOCK_05,154.058460417026,1242.127942501384,0,none
2026-01-10 10:57:00,USER_036,STOCK_10,169.2775823358982,3105.2615007956756,0,none
2026-01-10 11:04:00,USER_093,STOCK_01,147.34732507234853,1512.7353476646792,0,none
2026-01-10 11:21:00,USER_034,STOCK_06,140.81278200919513,1575.0778152676041,0,none
2026-01-10 11:32:00,USER_023,STOCK_02,191.5052174525053,1655.406090955216,0,none
2026-01-10 11:45:00,USER_031,STOCK_03,164.1550387091095,1718.766612052866,0,none
2026-01-10 11:55:00,USER_078,STOCK_04,838.1401905744592,15509.483998752046,1,point
2026-01-10 12:06:00,USER_014,STOCK_04,154.2818748826041,1377.130610644006,0,none
2026-01-10 12:16:00,USER_011,STOCK_07,147.23088032032453,1387.850881855317,0,none
2026-01-10 12:18:00,USER_080,STOCK_08,130.3502521292338,1887.6834250014876,0,none
2026-01-10 12:29:00,USER_086,STOCK_04,116.331236155581,1597.0649667519056,0,none
2026-01-10 12:33:00,USER_086,STOCK_04,162.4823963410431,2314.17275463214,0,none
2026-01-10 13:13:00,USER_060,STOCK_05,200.53864851747244,1734.5656135398397,0,none
2026-01-10 13:27:00,USER_016,STOCK_10,151.731795749458,1922.1613823039602,0,none
2026-01-10 13:44:00,USER_026,STOCK_03,152.40591263423798,2257.2194170293747,0,none
2026-01-10 14:08:00,USER_071,STOCK_02,171.66102486350553,2526.9010260174514,0,none
2026-01-10 14:19:00,USER_008,STOCK_08,173.46249275173284,2184.821096099047,0,none
2026-01-10 14:25:00,USER_022,STOCK_08,137.80975595681434,1906.514348507277,0,none
2026-01-10 15:05:00,USER_018,STOCK_02,167.20946976719492,1708.4612807155308,0,none
2026-01-10 15:10:00,USER_017,STOCK_09,143.0269573118428,1825.3711478407856,0,none
2026-01-10 15:31:00,USER_030,STOCK_06,1212.840407351473,41067.53022550584,1,point
2026-01-10 15:39:00,USER_098,STOCK_09,160.35318040938245,1637.1280934232673,0,none
2026-01-10 16:03:00,USER_093,STOCK_09,115.9323512128969,1972.2261505516906,0,none
2026-01-10 16:19:00,USER_009,STOCK_09,166.2703443473934,1384.5678417830222,0,none
2026-01-10 16:33:00,USER_026,STOCK_10,153.2114796209973,2001.5230100767071,0,none
2026-01-10 17:33:00,USER_001,STOCK_05,150.56636752260923,2014.8780697478726,0,none
2026-01-10 18:03:00,USER_024,STOCK_09,138.38953100390555,2294.2892022103047,0,none
2026-01-10 18:19:00,USER_074,STOCK_02,132.4403482648688,1586.5598229800698,0,none
2026-01-10 18:19:00,USER_030,STOCK_04,157.54200787804373,1985.3685931575108,0,none
2026-01-10 18:50:00,USER_004,STOCK_02,128.55721976028786,539.3247582526963,0,none
2026-01-10 19:13:00,USER_019,STOCK_02,135.9131261891448,1295.76935181822,0,none
2026-01-10 19:19:00,USER_055,STOCK_09,147.42924977122138,1059.0754772511805,0,none
2026-01-10 20:09:00,USER_085,STOCK_07,157.37346617745803,1803.3305938363196,0,none
2026-01-10 20:15:00,USER_100,STOCK_08,145.57492752828455,1861.5933500555398,0,none
2026-01-10 20:20:00,USER_012,STOCK_05,166.5881116236698,894.4323454960575,0,none
2026-01-10 20:30:00,USER_089,STOCK_10,128.69772673849255,1847.3876478226662,0,none
2026-01-10 20:41:00,USER_089,STOCK_06,161.00104198049104,1515.8277725681824,0,none
2026-01-10 20:55:00,USER_037,STOCK_04,162.90968362282152,3081.62736165273,0,none
2026-01-10 20:56:00,USER_054,STOCK_07,144.4989660569671,849.0394176322077,0,none
2026-01-10 21:09:00,USER_063,STOCK_10,140.95387361501847,788.0603366855216,0,none
2026-01-10 21:10:00,USER_070,STOCK_05,178.82546578132232,1282.0689244102803,0,none
2026-01-10 21:47:00,USER_002,STOCK_02,160.3007053441732,2256.8929754561045,0,none
2026-01-10 22:50:00,USER_082,STOCK_05,157.33196492193696,1530.0601068363223,0,none
2026-01-10 23:19:00,USER_082,STOCK_09,165.82063894086093,1545.3062726026305,0,none
2026-01-10 23:31:00,USER_069,STOCK_08,230.8698702226624,1824.2432579793456,1,contextual
2026-01-10 23:34:00,USER_073,STOCK_01,133.4481955870256,2043.0719415231874,0,none
2026-01-10 23:39:00,USER_099,STOCK_01,157.2327205009527,1677.4401226974378,0,none
2026-01-11 00:05:00,USER_013,STOCK_09,160.73019687140808,1550.7660091044813,0,none
2026-01-11 00:17:00,USER_072,STOCK_10,162.25547810125138,1473.292218413172,0,none
2026-01-11 00:19:00,USER_039,STOCK_04,166.4096436239473,2253.637015553649,0,none
2026-01-11 00:20:00,USER_072,STOCK_06,169.96020219719304,551.8723109031553,0,none
2026-01-11 00:26:00,USER_072,STOCK_06,124.39391202658211,2436.2286641400724,0,none
2026-01-11 00:32:00,USER_007,STOCK_02,145.8375549928545,1753.4995326705837,0,none
2026-01-11 00:50:00,USER_014,STOCK_07,153.36921952539228,2658.79876780398,0,none
2026-01-11 00:51:00,USER_014,STOCK_06,168.32655349404962,2173.244237948996,0,none
2026-01-11 01:41:00,USER_088,STOCK_10,157.42291746742617,1698.0074066420898,0,none
2026-01-11 01:52:00,USER_042,STOCK_03,162.6556373221257,3135.3464289021977,0,none
2026-01-11 01:53:00,USER_065,STOCK_08,153.37309343933455,2220.9703247847046,0,none
2026-01-11 01:55:00,USER_016,STOCK_05,122.66242603169158,1887.6172990536581,0,none
2026-01-11 01:58:00,USER_024,STOCK_02,109.49714826684786,2093.227157384714,0,none
2026-01-11 02:14:00,USER_087,STOCK_09,127.54555956875403,2191.204873092025,0,none
2026-01-11 02:22:00,USER_084,STOCK_09,160.87200309188864,1814.692833956947,0,none
2026-01-11 02:32:00,USER_054,STOCK_09,147.44164817038467,1522.229779699787,0,none
2026-01-11 02:49:00,USER_067,STOCK_08,148.2327408158933,1814.994485058936,0,none
2026-01-11 03:03:00,USER_030,STOCK_02,156.87236579136922,1118.479922318633,0,none
2026-01-11 03:05:00,USER_047,STOCK_02,149.92794921818864,1420.8176554037286,0,none
2026-01-11 03:26:00,USER_098,STOCK_10,182.89935427002567,1875.4819802218108,0,none
2026-01-11 04:14:00,USER_043,STOCK_02,145.0922376799426,1623.1319178212552,0,none
2026-01-11 04:33:00,USER_002,STOCK_02,146.7742857666798,2202.0254284072694,0,none
2026-01-11 04:37:00,USER_100,STOCK_07,344.85888622656057,2444.8153978117184,1,contextual
2026-01-11 04:44:00,USER_092,STOCK_06,155.97505816731373,1624.1044749524078,0,none
2026-01-11 04:48:00,USER_047,STOCK_10,164.7693315999082,2085.6841405949854,0,none
2026-01-11 05:23:00,USER_094,STOCK_01,159.4647524914709,1963.5855436715635,0,none
2026-01-11 05:26:00,USER_009,STOCK_05,155.43157674390747,1361.6257120898454,0,none
2026-01-11 05:28:00,USER_079,STOCK_07,137.12900335365077,2514.9804087905804,0,none
2026-01-11 05:31:00,USER_009,STOCK_05,920.2284992527616,30768.528471012916,1,point
2026-01-11 05:40:00,USER_066,STOCK_01,130.48253494045335,2526.82089830392,0,none
2026-01-11 05:43:00,USER_088,STOCK_01,153.82198136039807,2023.2182740780745,0,none
2026-01-11 05:46:00,USER_020,STOCK_08,141.3100754513537,1845.4139382656804,0,none
2026-01-11 05:55:00,USER_084,STOCK_06,174.76566142867273,2010.6357883680307,0,none
2026-01-11 06:32:00,USER_093,STOCK_01,144.81915708358594,1901.8250754575108,0,none
2026-01-11 06:57:00,USER_025,STOCK_04,178.93955768707465,2098.277388255787,0,none
2026-01-11 06:57:00,USER_049,STOCK_07,172.01919269997143,2979.173727110297,0,none
2026-01-11 06:59:00,USER_013,STOCK_08,141.59626365808285,1859.1076955697463,0,none
2026-01-11 07:43:00,USER_078,STOCK_07,125.26098578243835,1339.7716934578618,0,none
2026-01-11 07:43:00,USER_070,STOCK_01,155.78337287815637,3227.650069955447,0,none
2026-01-11 07:55:00,USER_011,STOCK_09,125.31302256240156,1703.767870423553,0,none
2026-01-11 07:57:00,USER_020,STOCK_06,153.84098232980062,1845.4417678987493,0,none
2026-01-11 08:48:00,USER_099,STOCK_10,149.49946082509712,2408.8831496001435,0,none
2026-01-11 08:49:00,USER_047,STOCK_09,181.31048058468681,1967.124869463506,0,none
2026-01-11 08:54:00,USER_005,STOCK_01,144.62938704188335,1554.4038872923563,0,none
2026-01-11 08:59:00,USER_034,STOCK_03,156.2181513119601,2737.678108474776,0,none
2026-01-11 09:17:00,USER_018,STOCK_05,151.39604169980038,1807.3432015691199,0,none
